Id,ActivityDate,TotalSteps,TotalDistance,VeryActiveDistance,ModeratelyActiveDistance,LightActiveDistance,SedentaryActiveDistance,VeryActiveMinutes,FairlyActiveMinutes,LightlyActiveMinutes,SedentaryMinutes,Calories,Nivel_Pasos,Nivel_Sedentarismo,TotalMinutesAsleep,TotalTimeInBed,Eficiencia_Sueño
1503960366,2016-12-04,13162.0,8.5,187999999523163.0,0.550000011920929,605999994277954.0,0.0,25.0,13,328,728,1985.0,Alta Actividad,Alto Sedentarismo,,,
1503960366,2016-04-13,10735.0,696999979019165.0,157000005245209.0,0.689999997615814,471000003814697.0,0.0,21.0,19,217,776,1797.0,Alta Actividad,Alto Sedentarismo,384.0,407.0,0.94
1503960366,2016-04-14,10460.0,673999977111816.0,244000005722046.0,0.400000005960464,391000008583069.0,0.0,30.0,11,181,1218,1776.0,Alta Actividad,Alto Sedentarismo,,,
1503960366,2016-04-15,9762.0,628000020980835.0,214000010490417.0,125999999046326.0,282999992370605.0,0.0,29.0,34,209,726,1745.0,Baja Actividad,Alto Sedentarismo,412.0,442.0,0.93
1503960366,2016-04-16,12669.0,815999984741211.0,271000003814697.0,0.409999996423721,503999996185303.0,0.0,36.0,10,221,773,1863.0,Alta Actividad,Alto Sedentarismo,340.0,367.0,0.93
1503960366,2016-04-17,9705.0,648000001907349.0,319000005722046.0,0.779999971389771,250999999046326.0,0.0,38.0,20,164,539,1728.0,Baja Actividad,Bajo Sedentarismo,700.0,712.0,0.98
1503960366,2016-04-18,13019.0,859000015258789.0,3.25,0.639999985694885,471000003814697.0,0.0,42.0,16,233,1149,1921.0,Alta Actividad,Alto Sedentarismo,,,
1503960366,2016-04-19,15506.0,988000011444092.0,352999997138977.0,132000005245209.0,503000020980835.0,0.0,50.0,31,264,775,2035.0,Alta Actividad,Alto Sedentarismo,304.0,320.0,0.95
1503960366,2016-04-20,10544.0,667999982833862.0,196000003814697.0,0.479999989271164,423999977111816.0,0.0,28.0,12,205,818,1786.0,Alta Actividad,Alto Sedentarismo,360.0,377.0,0.95
1503960366,2016-04-21,9819.0,634000015258789.0,13400000333786.0,0.349999994039536,465000009536743.0,0.0,19.0,8,211,838,1775.0,Baja Actividad,Alto Sedentarismo,325.0,364.0,0.89
1503960366,2016-04-22,12764.0,813000011444092.0,476000022888184.0,112000000476837.0,224000000953674.0,0.0,66.0,27,130,1217,1827.0,Alta Actividad,Alto Sedentarismo,,,
1503960366,2016-04-23,14371.0,903999996185303.0,280999994277954.0,0.870000004768372,53600001335144.0,0.0,41.0,21,262,732,1949.0,Alta Actividad,Alto Sedentarismo,361.0,384.0,0.94
1503960366,2016-04-24,10039.0,640999984741211.0,292000007629395.0,0.209999993443489,327999997138977.0,0.0,39.0,5,238,709,1788.0,Alta Actividad,Alto Sedentarismo,430.0,449.0,0.96
1503960366,2016-04-25,15355.0,980000019073486.0,528999996185303.0,0.569999992847443,394000005722046.0,0.0,73.0,14,216,814,2013.0,Alta Actividad,Alto Sedentarismo,277.0,323.0,0.86
1503960366,2016-04-26,13755.0,878999996185303.0,232999992370605.0,0.920000016689301,553999996185303.0,0.0,31.0,23,279,833,1970.0,Alta Actividad,Alto Sedentarismo,245.0,274.0,0.89
1503960366,2016-04-27,18134.0,12210000038147.0,640000009536743.0,0.409999996423721,540999984741211.0,0.0,78.0,11,243,1108,2159.0,Alta Actividad,Alto Sedentarismo,,,
1503960366,2016-04-28,13154.0,852999973297119.0,353999996185303.0,11599999666214.0,378999996185303.0,0.0,48.0,28,189,782,1898.0,Alta Actividad,Alto Sedentarismo,366.0,393.0,0.93
1503960366,2016-04-29,11181.0,715000009536743.0,105999994277954.0,0.5,557999992370605.0,0.0,16.0,12,243,815,1837.0,Alta Actividad,Alto Sedentarismo,341.0,354.0,0.96
1503960366,2016-04-30,14673.0,9.25,355999994277954.0,141999995708466.0,426999998092651.0,0.0,52.0,34,217,712,1947.0,Alta Actividad,Alto Sedentarismo,404.0,425.0,0.95
1503960366,2016-01-05,10602.0,680999994277954.0,228999996185303.0,160000002384186.0,292000007629395.0,0.0,33.0,35,246,730,1820.0,Alta Actividad,Alto Sedentarismo,,,
1503960366,2016-02-05,14727.0,971000003814697.0,321000003814697.0,0.569999992847443,592000007629395.0,0.0,41.0,15,277,798,2004.0,Alta Actividad,Alto Sedentarismo,,,
1503960366,2016-03-05,15103.0,965999984741211.0,373000001907349.0,104999995231628.0,488000011444092.0,0.0,50.0,24,254,816,1990.0,Alta Actividad,Alto Sedentarismo,,,
1503960366,2016-04-05,11100.0,715000009536743.0,246000003814697.0,0.870000004768372,38199999332428.0,0.0,36.0,22,203,1179,1819.0,Alta Actividad,Alto Sedentarismo,,,
1503960366,2016-05-05,14070.0,889999961853027.0,292000007629395.0,108000004291534.0,488000011444092.0,0.0,45.0,24,250,857,1959.0,Alta Actividad,Alto Sedentarismo,247.0,264.0,0.94
1503960366,2016-06-05,12159.0,802999973297119.0,197000002861023.0,0.25,580999994277954.0,0.0,24.0,6,289,754,1896.0,Alta Actividad,Alto Sedentarismo,,,
1503960366,2016-07-05,11992.0,771000003814697.0,246000003814697.0,211999988555908.0,313000011444092.0,0.0,37.0,46,175,833,1821.0,Alta Actividad,Alto Sedentarismo,,,
1503960366,2016-08-05,10060.0,657999992370605.0,352999997138977.0,0.319999992847443,273000001907349.0,0.0,44.0,8,203,574,1740.0,Alta Actividad,Bajo Sedentarismo,,,
1503960366,2016-09-05,12022.0,771999979019165.0,345000004768372.0,0.529999971389771,374000000953674.0,0.0,46.0,11,206,835,1819.0,Alta Actividad,Alto Sedentarismo,,,
1503960366,2016-10-05,12207.0,776999998092651.0,334999990463257.0,11599999666214.0,325999999046326.0,0.0,46.0,31,214,746,1859.0,Alta Actividad,Alto Sedentarismo,,,
1503960366,2016-11-05,12770.0,813000011444092.0,255999994277954.0,100999999046326.0,455000019073486.0,0.0,36.0,23,251,669,1783.0,Alta Actividad,Bajo Sedentarismo,,,
1624580081,2016-12-04,8163.0,530999994277954.0,0.0,0.0,530999994277954.0,0.0,0.0,0,146,1294,1432.0,Baja Actividad,Alto Sedentarismo,,,
1624580081,2016-04-13,7007.0,455000019073486.0,0.0,0.0,455000019073486.0,0.0,0.0,0,148,1292,1411.0,Baja Actividad,Alto Sedentarismo,,,
1624580081,2016-04-14,9107.0,592000007629395.0,0.0,0.0,590999984741211.0,0.0099999997764825,0.0,0,236,1204,1572.0,Baja Actividad,Alto Sedentarismo,,,
1624580081,2016-04-15,1510.0,0.980000019073486,0.0,0.0,0.970000028610229,0.0,0.0,0,96,1344,1344.0,Baja Actividad,Alto Sedentarismo,,,
1624580081,2016-04-16,5370.0,349000000953674.0,0.0,0.0,349000000953674.0,0.0,0.0,0,176,1264,1463.0,Baja Actividad,Alto Sedentarismo,,,
1624580081,2016-04-17,6175.0,405999994277954.0,102999997138977.0,151999998092651.0,149000000953674.0,0.0099999997764825,15.0,22,127,1276,1554.0,Baja Actividad,Alto Sedentarismo,,,
1624580081,2016-04-18,10536.0,740999984741211.0,215000009536743.0,0.620000004768372,461999988555908.0,0.0099999997764825,17.0,7,202,1214,1604.0,Alta Actividad,Alto Sedentarismo,,,
1624580081,2016-04-19,2916.0,189999997615814.0,0.0,0.0,189999997615814.0,0.0,0.0,0,141,1299,1435.0,Baja Actividad,Alto Sedentarismo,,,
1624580081,2016-04-20,4974.0,323000001907349.0,0.0,0.0,323000001907349.0,0.0,0.0,0,151,1289,1446.0,Baja Actividad,Alto Sedentarismo,,,
1624580081,2016-04-21,6349.0,413000011444092.0,0.0,0.0,41100001335144.0,0.0199999995529652,0.0,0,186,1254,1467.0,Baja Actividad,Alto Sedentarismo,,,
1624580081,2016-04-22,4026.0,261999988555908.0,0.0,0.0,259999990463257.0,0.0,0.0,0,199,1241,1470.0,Baja Actividad,Alto Sedentarismo,,,
1624580081,2016-04-23,8538.0,555000019073486.0,0.0,0.0,553999996185303.0,0.0099999997764825,0.0,0,227,1213,1562.0,Baja Actividad,Alto Sedentarismo,,,
1624580081,2016-04-24,6076.0,395000004768372.0,114999997615814.0,0.910000026226044,188999998569489.0,0.0,16.0,18,185,1221,1617.0,Baja Actividad,Alto Sedentarismo,,,
1624580081,2016-04-25,6497.0,421999979019165.0,0.0,0.0,419999980926514.0,0.0199999995529652,0.0,0,202,1238,1492.0,Baja Actividad,Alto Sedentarismo,,,
1624580081,2016-04-26,2826.0,18400000333786.0,0.0,0.0,183000004291534.0,0.0099999997764825,0.0,0,140,1300,1402.0,Baja Actividad,Alto Sedentarismo,,,
1624580081,2016-04-27,8367.0,544000005722046.0,111000001430511.0,187000000476837.0,246000003814697.0,0.0,17.0,36,154,1233,1670.0,Baja Actividad,Alto Sedentarismo,,,
1624580081,2016-04-28,2759.0,178999996185303.0,0.0,0.200000002980232,160000002384186.0,0.0,0.0,5,115,1320,1401.0,Baja Actividad,Alto Sedentarismo,,,
1624580081,2016-04-29,2390.0,154999995231628.0,0.0,0.0,154999995231628.0,0.0,0.0,0,150,1290,1404.0,Baja Actividad,Alto Sedentarismo,,,
1624580081,2016-04-30,6474.0,430000019073486.0,0.899999976158142,127999997138977.0,211999988555908.0,0.0099999997764825,11.0,23,224,1182,1655.0,Baja Actividad,Alto Sedentarismo,,,
1624580081,2016-01-05,20400.375,280300006866455.0,219200000762939.0,419000005722046.0,19099999666214.0,0.0199999995529652,87.5,63,171,1020,2690.0,Alta Actividad,Alto Sedentarismo,,,
1624580081,2016-02-05,7155.0,492999982833862.0,0.860000014305115,0.589999973773956,347000002861023.0,0.0,7.0,6,166,1261,1497.0,Baja Actividad,Alto Sedentarismo,,,
1624580081,2016-03-05,2100.0,137000000476837.0,0.0,0.0,13400000333786.0,0.0199999995529652,0.0,0,96,1344,1334.0,Baja Actividad,Alto Sedentarismo,,,
1624580081,2016-04-05,2193.0,142999994754791.0,0.0,0.0,141999995708466.0,0.0,0.0,0,118,1322,1368.0,Baja Actividad,Alto Sedentarismo,,,
1624580081,2016-05-05,2470.0,161000001430511.0,0.0,0.0,158000004291534.0,0.0199999995529652,0.0,0,117,1323,1370.0,Baja Actividad,Alto Sedentarismo,,,
1624580081,2016-06-05,1727.0,112000000476837.0,0.0,0.0,112000000476837.0,0.0099999997764825,0.0,0,102,1338,1341.0,Baja Actividad,Alto Sedentarismo,,,
1624580081,2016-07-05,2104.0,137000000476837.0,0.0,0.0,137000000476837.0,0.0,0.0,0,182,1258,1474.0,Baja Actividad,Alto Sedentarismo,,,
1624580081,2016-08-05,3427.0,223000001907349.0,0.0,0.0,222000002861023.0,0.0,0.0,0,152,1288,1427.0,Baja Actividad,Alto Sedentarismo,,,
1624580081,2016-09-05,1732.0,112999999523163.0,0.0,0.0,112999999523163.0,0.0,0.0,0,91,1349,1328.0,Baja Actividad,Alto Sedentarismo,,,
1624580081,2016-10-05,2969.0,192999994754791.0,0.0,0.0,191999995708466.0,0.0099999997764825,0.0,0,139,1301,1393.0,Baja Actividad,Alto Sedentarismo,,,
1624580081,2016-11-05,3134.0,203999996185303.0,0.0,0.0,203999996185303.0,0.0,0.0,0,112,1328,1359.0,Baja Actividad,Alto Sedentarismo,,,
1624580081,2016-12-05,2971.0,192999994754791.0,0.0,0.0,191999995708466.0,0.0099999997764825,0.0,0,107,890,1002.0,Baja Actividad,Alto Sedentarismo,,,
1644430081,2016-12-04,10694.0,776999998092651.0,0.140000000596046,229999995231628.0,532999992370605.0,0.0,2.0,51,256,1131,3199.0,Alta Actividad,Alto Sedentarismo,,,
1644430081,2016-04-13,8001.0,582000017166138.0,227999997138977.0,0.899999976158142,264000010490417.0,0.0,30.0,16,135,1259,2902.0,Baja Actividad,Alto Sedentarismo,,,
1644430081,2016-04-14,11037.0,802000045776367.0,0.360000014305115,255999994277954.0,509999990463257.0,0.0,5.0,58,252,1125,3226.0,Alta Actividad,Alto Sedentarismo,,,
1644430081,2016-04-15,5263.0,382999992370605.0,0.219999998807907,0.150000005960464,345000004768372.0,0.0,3.0,4,170,1263,2750.0,Baja Actividad,Alto Sedentarismo,,,
1644430081,2016-04-16,15300.0,111199998855591.0,409999990463257.0,187999999523163.0,509000015258789.0,0.0,51.0,42,212,1135,3493.0,Alta Actividad,Alto Sedentarismo,,,
1644430081,2016-04-17,8757.0,636999988555908.0,2.25,0.569999992847443,354999995231628.0,0.0,29.0,13,186,1212,3011.0,Baja Actividad,Alto Sedentarismo,,,
1644430081,2016-04-18,7132.0,519000005722046.0,107000005245209.0,166999995708466.0,245000004768372.0,0.0,15.0,33,121,1271,2806.0,Baja Actividad,Alto Sedentarismo,,,
1644430081,2016-04-19,11256.0,818000030517578.0,0.360000014305115,252999997138977.0,530000019073486.0,0.0,5.0,58,278,1099,3300.0,Alta Actividad,Alto Sedentarismo,,,
1644430081,2016-04-20,2436.0,176999998092651.0,0.0,0.0,175999999046326.0,0.0099999997764825,0.0,0,125,1315,2430.0,Baja Actividad,Alto Sedentarismo,,,
1644430081,2016-04-21,1223.0,0.889999985694885,0.0,0.0,0.879999995231628,0.0099999997764825,0.0,0,38,1402,2140.0,Baja Actividad,Alto Sedentarismo,,,
1644430081,2016-04-22,3673.0,267000007629395.0,0.0,0.0,266000008583069.0,0.0099999997764825,0.0,0,86,1354,2344.0,Baja Actividad,Alto Sedentarismo,,,
1644430081,2016-04-23,6637.0,482999992370605.0,0.0,0.579999983310699,4.25,0.0,0.0,15,160,1265,2677.0,Baja Actividad,Alto Sedentarismo,,,
1644430081,2016-04-24,3321.0,241000008583069.0,0.0,0.0,241000008583069.0,0.0,0.0,0,89,1351,2413.0,Baja Actividad,Alto Sedentarismo,,,
1644430081,2016-04-25,3580.0,259999990463257.0,0.589999973773956,0.0599999986588955,195000004768372.0,0.0,8.0,1,94,1337,2497.0,Baja Actividad,Alto Sedentarismo,,,
1644430081,2016-04-26,9919.0,721000003814697.0,0.800000011920929,172000002861023.0,469000005722046.0,0.0,11.0,41,223,1165,3123.0,Baja Actividad,Alto Sedentarismo,,,
1644430081,2016-04-27,3032.0,220000004768372.0,0.0,0.0,220000004768372.0,0.0,0.0,0,118,1322,2489.0,Baja Actividad,Alto Sedentarismo,,,
1644430081,2016-04-28,9405.0,684000015258789.0,0.200000002980232,23199999332428.0,430999994277954.0,0.0,3.0,53,227,1157,3108.0,Baja Actividad,Alto Sedentarismo,,,
1644430081,2016-04-29,3176.0,230999994277954.0,0.0,0.0,230999994277954.0,0.0,0.0,0,120,1193,2498.0,Baja Actividad,Alto Sedentarismo,119.0,127.0,0.94
1644430081,2016-04-30,18213.0,132399997711182.0,0.629999995231628,314000010490417.0,946000003814697.0,0.0,9.0,71,402,816,3846.0,Alta Actividad,Alto Sedentarismo,124.0,142.0,0.87
1644430081,2016-01-05,6132.0,446000003814697.0,0.239999994635582,0.990000009536743,323000001907349.0,0.0,3.0,24,146,908,2696.0,Baja Actividad,Alto Sedentarismo,,,
1644430081,2016-02-05,3758.0,273000001907349.0,0.0700000002980232,0.310000002384186,234999990463257.0,0.0,1.0,7,148,682,2580.0,Baja Actividad,Bajo Sedentarismo,,,
1644430081,2016-03-05,12850.0,934000015258789.0,0.720000028610229,409000015258789.0,453999996185303.0,0.0,10.0,94,221,1115,3324.0,Alta Actividad,Alto Sedentarismo,,,
1644430081,2016-04-05,2309.0,167999994754791.0,0.0,0.0,16599999666214.0,0.0199999995529652,0.0,0,52,1388,2222.0,Baja Actividad,Alto Sedentarismo,,,
1644430081,2016-05-05,4363.0,319000005722046.0,0.519999980926514,0.540000021457672,213000011444092.0,0.0099999997764825,6.0,12,81,1341,2463.0,Baja Actividad,Alto Sedentarismo,,,
1644430081,2016-06-05,9787.0,711999988555908.0,0.819999992847443,0.270000010728836,601000022888184.0,0.0199999995529652,11.0,6,369,1054,3328.0,Baja Actividad,Alto Sedentarismo,,,
1644430081,2016-07-05,13372.0,972000026702881.0,325999999046326.0,0.790000021457672,567000007629395.0,0.0099999997764825,41.0,17,243,1139,3404.0,Alta Actividad,Alto Sedentarismo,,,
1644430081,2016-08-05,6724.0,48899998664856.0,0.0,0.0,488000011444092.0,0.0,0.0,0,295,991,2987.0,Baja Actividad,Alto Sedentarismo,,,
1644430081,2016-09-05,6643.0,482999992370605.0,239000010490417.0,0.349999994039536,208999991416931.0,0.0099999997764825,32.0,6,303,1099,3008.0,Baja Actividad,Alto Sedentarismo,,,
1644430081,2016-10-05,9167.0,665999984741211.0,0.879999995231628,0.810000002384186,496999979019165.0,0.0099999997764825,12.0,19,155,1254,2799.0,Baja Actividad,Alto Sedentarismo,,,
1644430081,2016-11-05,1329.0,0.970000028610229,0.0,0.0,0.949999988079071,0.0099999997764825,0.0,0,49,713,1276.0,Baja Actividad,Alto Sedentarismo,,,
1844505072,2016-12-04,6697.0,442999982833862.0,0.0,0.0,442999982833862.0,0.0,0.0,0,339,1101,2030.0,Baja Actividad,Alto Sedentarismo,,,
1844505072,2016-04-13,4929.0,325999999046326.0,0.0,0.0,325999999046326.0,0.0,0.0,0,248,1192,1860.0,Baja Actividad,Alto Sedentarismo,,,
1844505072,2016-04-14,7937.0,5.25,0.0,0.0,523000001907349.0,0.0,0.0,0,373,843,2130.0,Baja Actividad,Alto Sedentarismo,,,
1844505072,2016-04-15,3844.0,253999996185303.0,0.0,0.0,253999996185303.0,0.0,0.0,0,176,527,1725.0,Baja Actividad,Bajo Sedentarismo,644.0,961.0,0.67
1844505072,2016-04-16,3414.0,225999999046326.0,0.0,0.0,225999999046326.0,0.0,0.0,0,147,1293,1657.0,Baja Actividad,Alto Sedentarismo,,,
1844505072,2016-04-17,4525.0,299000000953674.0,0.140000000596046,0.259999990463257,258999991416931.0,0.0,2.0,8,199,1231,1793.0,Baja Actividad,Alto Sedentarismo,,,
1844505072,2016-04-18,4597.0,303999996185303.0,0.0,0.479999989271164,255999994277954.0,0.0,0.0,12,217,1211,1814.0,Baja Actividad,Alto Sedentarismo,,,
1844505072,2016-04-19,197.0,0.129999995231628,0.0,0.0,0.129999995231628,0.0,0.0,0,10,1430,1366.0,Baja Actividad,Alto Sedentarismo,,,
1844505072,2016-04-20,8.0,0.0099999997764825,0.0,0.0,0.0099999997764825,0.0,0.0,0,1,1439,1349.0,Baja Actividad,Alto Sedentarismo,,,
1844505072,2016-04-21,8054.0,532000017166138.0,0.119999997317791,0.519999980926514,467999982833862.0,0.0,2.0,13,308,1117,2062.0,Baja Actividad,Alto Sedentarismo,,,
1844505072,2016-04-22,5372.0,354999995231628.0,0.0,0.0,354999995231628.0,0.0,0.0,0,220,1220,1827.0,Baja Actividad,Alto Sedentarismo,,,
1844505072,2016-04-23,3570.0,235999989509583.0,0.0,0.0,235999989509583.0,0.0,0.0,0,139,1301,1645.0,Baja Actividad,Alto Sedentarismo,,,
1844505072,2016-04-27,4.0,0.0,0.0,0.0,0.0,0.0,0.0,0,1,1439,1348.0,Baja Actividad,Alto Sedentarismo,,,
1844505072,2016-04-28,6907.0,457000017166138.0,0.0,0.0,455999994277954.0,0.0,0.0,0,302,1138,1992.0,Baja Actividad,Alto Sedentarismo,,,
1844505072,2016-04-29,4920.0,3.25,0.0,0.0,3.25,0.0,0.0,0,247,1082,1856.0,Baja Actividad,Alto Sedentarismo,,,
1844505072,2016-04-30,4014.0,267000007629395.0,0.0,0.0,265000009536743.0,0.0,0.0,0,184,218,1763.0,Baja Actividad,Bajo Sedentarismo,722.0,961.0,0.75
1844505072,2016-01-05,2573.0,170000004768372.0,0.0,0.259999990463257,145000004768372.0,0.0,0.0,7,75,585,1541.0,Baja Actividad,Bajo Sedentarismo,,,
1844505072,2016-03-05,4059.0,26800000667572.0,0.0,0.0,26800000667572.0,0.0,0.0,0,184,1256,1742.0,Baja Actividad,Alto Sedentarismo,,,
1844505072,2016-04-05,2080.0,137000000476837.0,0.0,0.0,137000000476837.0,0.0,0.0,0,87,1353,1549.0,Baja Actividad,Alto Sedentarismo,,,
1844505072,2016-05-05,2237.0,148000001907349.0,0.0,0.0,148000001907349.0,0.0,0.0,0,120,1320,1589.0,Baja Actividad,Alto Sedentarismo,,,
1844505072,2016-06-05,44.0,0.0299999993294477,0.0,0.0,0.0299999993294477,0.0,0.0,0,2,1438,1351.0,Baja Actividad,Alto Sedentarismo,,,
1844505072,2016-12-05,0.0,0.0,0.0,0.0,0.0,0.0,0.0,0,0,711,665.0,Baja Actividad,Alto Sedentarismo,,,
1927972279,2016-12-04,678.0,0.469999998807907,0.0,0.0,0.469999998807907,0.0,0.0,0,55,734,2220.0,Baja Actividad,Alto Sedentarismo,,,
1927972279,2016-04-13,356.0,0.25,0.0,0.0,0.25,0.0,0.0,0,32,986,2151.0,Baja Actividad,Alto Sedentarismo,398.0,422.0,0.94
1927972279,2016-04-14,2163.0,1.5,0.0,0.400000005960464,110000002384186.0,0.0,0.0,9,88,1292,2383.0,Baja Actividad,Alto Sedentarismo,,,
1927972279,2016-04-15,980.0,0.680000007152557,0.0,0.0,0.680000007152557,0.0,0.0,0,51,941,2221.0,Baja Actividad,Alto Sedentarismo,475.0,499.0,0.95
1927972279,2016-04-18,244.0,0.170000001788139,0.0,0.0,0.170000001788139,0.0,0.0,0,17,1423,2111.0,Baja Actividad,Alto Sedentarismo,,,
1927972279,2016-04-22,149.0,0.100000001490116,0.0,0.0,0.100000001490116,0.0,0.0,0,10,1430,2093.0,Baja Actividad,Alto Sedentarismo,,,
1927972279,2016-04-23,2945.0,203999996185303.0,0.0,0.0,203999996185303.0,0.0,0.0,0,145,1295,2499.0,Baja Actividad,Alto Sedentarismo,,,
1927972279,2016-04-24,2090.0,145000004768372.0,0.0700000002980232,0.239999994635582,113999998569489.0,0.0,1.0,6,75,1358,2324.0,Baja Actividad,Alto Sedentarismo,,,
1927972279,2016-04-25,152.0,0.109999999403954,0.0,0.0,0.109999999403954,0.0,0.0,0,12,1303,2100.0,Baja Actividad,Alto Sedentarismo,,,
1927972279,2016-04-26,3761.0,259999990463257.0,0.0,0.0,259999990463257.0,0.0,0.0,0,192,1058,2638.0,Baja Actividad,Alto Sedentarismo,296.0,315.0,0.94
1927972279,2016-04-28,1675.0,11599999666214.0,0.0,0.0,11599999666214.0,0.0,0.0,0,95,1167,2351.0,Baja Actividad,Alto Sedentarismo,166.0,178.0,0.93
1927972279,2016-01-05,2704.0,187000000476837.0,100999999046326.0,0.0299999993294477,0.829999983310699,0.0,14.0,1,70,1355,2411.0,Baja Actividad,Alto Sedentarismo,,,
1927972279,2016-02-05,3790.0,261999988555908.0,11599999666214.0,0.300000011920929,11599999666214.0,0.0,16.0,8,94,1322,2505.0,Baja Actividad,Alto Sedentarismo,,,
1927972279,2016-03-05,1326.0,0.920000016689301,0.730000019073486,0.0,0.180000007152557,0.0,10.0,0,17,1413,2195.0,Baja Actividad,Alto Sedentarismo,,,
1927972279,2016-04-05,1786.0,124000000953674.0,0.0,0.0,124000000953674.0,0.0,0.0,0,87,1353,2338.0,Baja Actividad,Alto Sedentarismo,,,
1927972279,2016-06-05,2091.0,145000004768372.0,0.0,0.0,145000004768372.0,0.0,0.0,0,108,1332,2383.0,Baja Actividad,Alto Sedentarismo,,,
1927972279,2016-07-05,1510.0,103999996185303.0,0.0,0.0,103999996185303.0,0.0,0.0,0,48,1392,2229.0,Baja Actividad,Alto Sedentarismo,,,
1927972279,2016-12-05,0.0,0.0,0.0,0.0,0.0,0.0,0.0,0,0,966,1383.0,Baja Actividad,Alto Sedentarismo,,,
2022484408,2016-12-04,11875.0,834000015258789.0,330999994277954.0,0.769999980926514,426000022888184.0,0.0,42.0,14,227,1157,2390.0,Alta Actividad,Alto Sedentarismo,,,
2022484408,2016-04-13,12024.0,8.5,299000000953674.0,0.100000001490116,540999984741211.0,0.0,43.0,5,292,1100,2601.0,Alta Actividad,Alto Sedentarismo,,,
2022484408,2016-04-14,10690.0,7.5,248000001907349.0,0.209999993443489,482000017166138.0,0.0,32.0,3,257,1148,2312.0,Alta Actividad,Alto Sedentarismo,,,
2022484408,2016-04-15,11034.0,802999973297119.0,194000005722046.0,0.310000002384186,578000020980835.0,0.0,27.0,9,282,1122,2525.0,Alta Actividad,Alto Sedentarismo,,,
2022484408,2016-04-16,10100.0,709000015258789.0,315000009536743.0,0.550000011920929,339000010490417.0,0.0,41.0,11,151,1237,2177.0,Alta Actividad,Alto Sedentarismo,,,
2022484408,2016-04-17,15112.0,113999996185303.0,386999988555908.0,0.660000026226044,688000011444092.0,0.0,28.0,29,331,1052,2782.0,Alta Actividad,Alto Sedentarismo,,,
2022484408,2016-04-18,14131.0,100699996948242.0,364000010490417.0,0.119999997317791,630000019073486.0,0.0,48.0,3,311,1078,2770.0,Alta Actividad,Alto Sedentarismo,,,
2022484408,2016-04-19,11548.0,852999973297119.0,328999996185303.0,0.239999994635582,5.0,0.0,31.0,7,250,1152,2489.0,Alta Actividad,Alto Sedentarismo,,,
2022484408,2016-04-20,15112.0,106700000762939.0,333999991416931.0,192999994754791.0,540000009536743.0,0.0,48.0,63,276,1053,2897.0,Alta Actividad,Alto Sedentarismo,,,
2022484408,2016-04-21,12453.0,873999977111816.0,332999992370605.0,111000001430511.0,430999994277954.0,0.0,87.5,53,255,1028,3158.0,Alta Actividad,Alto Sedentarismo,,,
2022484408,2016-04-22,12954.0,932999992370605.0,442999982833862.0,0.419999986886978,446999979019165.0,0.0,52.0,10,273,1105,2638.0,Alta Actividad,Alto Sedentarismo,,,
2022484408,2016-04-23,6001.0,421000003814697.0,0.0,0.0,421000003814697.0,0.0,0.0,0,249,1191,2069.0,Baja Actividad,Alto Sedentarismo,,,
2022484408,2016-04-24,13481.0,102799997329712.0,455000019073486.0,114999997615814.0,457999992370605.0,0.0,37.0,26,216,1161,2529.0,Alta Actividad,Alto Sedentarismo,,,
2022484408,2016-04-25,11369.0,801000022888184.0,332999992370605.0,0.219999998807907,446000003814697.0,0.0,44.0,8,217,1171,2470.0,Alta Actividad,Alto Sedentarismo,,,
2022484408,2016-04-26,10119.0,719000005722046.0,142999994754791.0,0.660000026226044,51100001335144.0,0.0,55.0,24,275,1086,2793.0,Alta Actividad,Alto Sedentarismo,,,
2022484408,2016-04-27,10159.0,713000011444092.0,103999996185303.0,0.970000028610229,511999988555908.0,0.0,19.0,20,282,1119,2463.0,Alta Actividad,Alto Sedentarismo,,,
2022484408,2016-04-28,10140.0,711999988555908.0,0.409999996423721,133000004291534.0,53899998664856.0,0.0,6.0,20,291,1123,2296.0,Alta Actividad,Alto Sedentarismo,,,
2022484408,2016-04-29,10245.0,719000005722046.0,0.479999989271164,121000003814697.0,5.5,0.0,21.0,40,281,1098,2611.0,Alta Actividad,Alto Sedentarismo,,,
2022484408,2016-04-30,18387.0,129099998474121.0,0.939999997615814,139999997615814.0,105699996948242.0,0.0,13.0,23,361,1043,2732.0,Alta Actividad,Alto Sedentarismo,,,
2022484408,2016-01-05,10538.0,740000009536743.0,194000005722046.0,0.959999978542328,4.5,0.0,25.0,28,245,1142,2380.0,Alta Actividad,Alto Sedentarismo,,,
2022484408,2016-02-05,10379.0,728999996185303.0,260999989509583.0,0.340000003576279,432999992370605.0,0.0,36.0,8,277,1119,2473.0,Alta Actividad,Alto Sedentarismo,,,
2022484408,2016-03-05,12183.0,873999977111816.0,399000000953674.0,0.46000000834465,428000020980835.0,0.0,72.0,14,250,1104,2752.0,Alta Actividad,Alto Sedentarismo,,,
2022484408,2016-04-05,11768.0,828999996185303.0,250999999046326.0,0.930000007152557,484999990463257.0,0.0,36.0,27,272,1105,2649.0,Alta Actividad,Alto Sedentarismo,,,
2022484408,2016-05-05,11895.0,835000038146973.0,278999996185303.0,0.860000014305115,469999980926514.0,0.0,55.0,20,253,1112,2609.0,Alta Actividad,Alto Sedentarismo,,,
2022484408,2016-06-05,10227.0,717999982833862.0,187000000476837.0,0.670000016689301,46399998664856.0,0.0,24.0,17,295,1104,2498.0,Alta Actividad,Alto Sedentarismo,,,
2022484408,2016-07-05,6708.0,471000003814697.0,161000001430511.0,0.0799999982118607,301999998092651.0,0.0,20.0,2,149,1269,1995.0,Baja Actividad,Alto Sedentarismo,,,
2022484408,2016-08-05,3292.0,230999994277954.0,0.0,0.0,230999994277954.0,0.0,0.0,0,135,1305,1848.0,Baja Actividad,Alto Sedentarismo,,,
2022484408,2016-09-05,13379.0,939000034332275.0,211999988555908.0,162999999523163.0,56399998664856.0,0.0,35.0,47,297,1061,2709.0,Alta Actividad,Alto Sedentarismo,,,
2022484408,2016-10-05,12798.0,897999954223633.0,222000002861023.0,121000003814697.0,555999994277954.0,0.0,57.0,28,271,1084,2797.0,Alta Actividad,Alto Sedentarismo,,,
2022484408,2016-11-05,13272.0,931999969482422.0,417999982833862.0,114999997615814.0,399000000953674.0,0.0,58.0,25,224,1133,2544.0,Alta Actividad,Alto Sedentarismo,,,
2022484408,2016-12-05,9117.0,640999984741211.0,127999997138977.0,0.670000016689301,444000005722046.0,0.0,16.0,16,236,728,1853.0,Baja Actividad,Alto Sedentarismo,,,
2026352035,2016-12-04,4414.0,274000000953674.0,0.189999997615814,0.349999994039536,220000004768372.0,0.0,3.0,8,181,706,1459.0,Baja Actividad,Alto Sedentarismo,,,
2026352035,2016-04-13,4993.0,309999990463257.0,0.0,0.0,309999990463257.0,0.0,0.0,0,238,663,1521.0,Baja Actividad,Bajo Sedentarismo,531.0,565.0,0.94
2026352035,2016-04-14,3335.0,20699999332428.0,0.0,0.0,204999995231628.0,0.0,0.0,0,197,653,1431.0,Baja Actividad,Bajo Sedentarismo,545.0,568.0,0.96
2026352035,2016-04-15,3821.0,236999988555908.0,0.0,0.0,236999988555908.0,0.0,0.0,0,188,687,1444.0,Baja Actividad,Bajo Sedentarismo,523.0,573.0,0.91
2026352035,2016-04-16,2547.0,158000004291534.0,0.0,0.0,158000004291534.0,0.0,0.0,0,150,728,1373.0,Baja Actividad,Alto Sedentarismo,524.0,567.0,0.92
2026352035,2016-04-17,838.0,0.519999980926514,0.0,0.0,0.519999980926514,0.0,0.0,0,60,1053,1214.0,Baja Actividad,Alto Sedentarismo,437.0,498.0,0.88
2026352035,2016-04-18,3325.0,205999994277954.0,0.0,0.0,205999994277954.0,0.0,0.0,0,182,1062,1419.0,Baja Actividad,Alto Sedentarismo,,,
2026352035,2016-04-19,2424.0,1.5,0.0,0.0,1.5,0.0,0.0,0,141,785,1356.0,Baja Actividad,Alto Sedentarismo,498.0,540.0,0.92
2026352035,2016-04-20,7222.0,448000001907349.0,0.0,0.0,448000001907349.0,0.0,0.0,0,327,623,1667.0,Baja Actividad,Bajo Sedentarismo,461.0,510.0,0.9
2026352035,2016-04-21,2467.0,152999997138977.0,0.0,0.0,152999997138977.0,0.0,0.0,0,153,749,1370.0,Baja Actividad,Alto Sedentarismo,477.0,514.0,0.93
2026352035,2016-04-22,2915.0,180999994277954.0,0.0,0.0,180999994277954.0,0.0,0.0,0,162,712,1399.0,Baja Actividad,Alto Sedentarismo,520.0,545.0,0.95
2026352035,2016-04-23,12357.0,771000003814697.0,0.0,0.0,771000003814697.0,0.0,0.0,0,432,458,1916.0,Alta Actividad,Bajo Sedentarismo,522.0,554.0,0.94
2026352035,2016-04-24,3490.0,216000008583069.0,0.0,0.0,216000008583069.0,0.0,0.0,0,164,704,1401.0,Baja Actividad,Alto Sedentarismo,555.0,591.0,0.94
2026352035,2016-04-25,6017.0,373000001907349.0,0.0,0.0,373000001907349.0,0.0,0.0,0,260,821,1576.0,Baja Actividad,Alto Sedentarismo,506.0,531.0,0.95
2026352035,2016-04-26,5933.0,36800000667572.0,0.0,0.0,36800000667572.0,0.0,0.0,0,288,1018,1595.0,Baja Actividad,Alto Sedentarismo,,,
2026352035,2016-04-27,6088.0,376999998092651.0,0.0,0.0,376999998092651.0,0.0,0.0,0,286,586,1593.0,Baja Actividad,Bajo Sedentarismo,508.0,545.0,0.93
2026352035,2016-04-28,6375.0,395000004768372.0,0.0,0.0,395000004768372.0,0.0,0.0,0,331,626,1649.0,Baja Actividad,Bajo Sedentarismo,513.0,545.0,0.94
2026352035,2016-04-29,7604.0,471000003814697.0,0.0,0.0,471000003814697.0,0.0,0.0,0,352,492,1692.0,Baja Actividad,Bajo Sedentarismo,490.0,510.0,0.96
2026352035,2016-04-30,4729.0,29300000667572.0,0.0,0.0,29300000667572.0,0.0,0.0,0,233,594,1506.0,Baja Actividad,Bajo Sedentarismo,573.0,607.0,0.94
2026352035,2016-01-05,3609.0,227999997138977.0,0.0,0.0,227999997138977.0,0.0,0.0,0,191,716,1447.0,Baja Actividad,Alto Sedentarismo,,,
2026352035,2016-02-05,7018.0,434999990463257.0,0.0,0.0,434999990463257.0,0.0,0.0,0,355,716,1690.0,Baja Actividad,Alto Sedentarismo,,,
2026352035,2016-03-05,5992.0,372000002861023.0,0.0,0.0,372000002861023.0,0.0,0.0,0,304,981,1604.0,Baja Actividad,Alto Sedentarismo,,,
2026352035,2016-04-05,6564.0,407000017166138.0,0.0,0.0,407000017166138.0,0.0,0.0,0,345,530,1658.0,Baja Actividad,Bajo Sedentarismo,,,
2026352035,2016-05-05,12167.0,753999996185303.0,0.0,0.0,753999996185303.0,0.0,0.0,0,475,479,1926.0,Alta Actividad,Bajo Sedentarismo,468.0,485.0,0.96
2026352035,2016-06-05,8198.0,507999992370605.0,0.0,0.0,507999992370605.0,0.0,0.0,0,383,511,1736.0,Baja Actividad,Bajo Sedentarismo,,,
2026352035,2016-07-05,4193.0,259999990463257.0,0.0,0.0,259999990463257.0,0.0,0.0,0,229,665,1491.0,Baja Actividad,Bajo Sedentarismo,,,
2026352035,2016-08-05,5528.0,345000004768372.0,0.0,0.0,345000004768372.0,0.0,0.0,0,258,610,1555.0,Baja Actividad,Bajo Sedentarismo,,,
2026352035,2016-09-05,10685.0,661999988555908.0,0.0,0.0,659999990463257.0,0.0,0.0,0,401,543,1869.0,Alta Actividad,Bajo Sedentarismo,,,
2026352035,2016-10-05,254.0,0.159999996423721,0.0,0.0,0.159999996423721,0.0,0.0,0,17,1002,1141.0,Baja Actividad,Alto Sedentarismo,,,
2026352035,2016-11-05,8580.0,532000017166138.0,0.0,0.0,532000017166138.0,0.0,0.0,0,330,569,1698.0,Baja Actividad,Bajo Sedentarismo,,,
2026352035,2016-12-05,8891.0,551000022888184.0,0.0,0.0,551000022888184.0,0.0,0.0,0,343,330,1364.0,Baja Actividad,Bajo Sedentarismo,,,
2320127002,2016-12-04,10725.0,748999977111816.0,116999995708466.0,0.310000002384186,601000022888184.0,0.0,13.0,9,306,1112,2124.0,Alta Actividad,Alto Sedentarismo,,,
2320127002,2016-04-13,7275.0,490000009536743.0,0.0,0.0,490000009536743.0,0.0,0.0,0,335,1105,2003.0,Baja Actividad,Alto Sedentarismo,,,
2320127002,2016-04-14,3973.0,26800000667572.0,0.0,0.0,26800000667572.0,0.0,0.0,0,191,1249,1696.0,Baja Actividad,Alto Sedentarismo,,,
2320127002,2016-04-15,5205.0,350999999046326.0,0.0,0.0,350999999046326.0,0.0,0.0,0,245,1195,1801.0,Baja Actividad,Alto Sedentarismo,,,
2320127002,2016-04-16,5057.0,341000008583069.0,0.0,0.0,340000009536743.0,0.0,0.0,0,195,1245,1724.0,Baja Actividad,Alto Sedentarismo,,,
2320127002,2016-04-17,6198.0,417999982833862.0,0.0,0.0,417999982833862.0,0.0,0.0,0,249,1191,1852.0,Baja Actividad,Alto Sedentarismo,,,
2320127002,2016-04-18,6559.0,442000007629395.0,0.0,0.259999990463257,41399998664856.0,0.0,0.0,7,260,1173,1905.0,Baja Actividad,Alto Sedentarismo,,,
2320127002,2016-04-19,5997.0,403999996185303.0,0.0,0.379999995231628,366000008583069.0,0.0,0.0,11,228,1201,1811.0,Baja Actividad,Alto Sedentarismo,,,
2320127002,2016-04-20,7192.0,484999990463257.0,0.0,0.490000009536743,434000015258789.0,0.0,0.0,11,283,1146,1922.0,Baja Actividad,Alto Sedentarismo,,,
2320127002,2016-04-21,3404.0,228999996185303.0,0.0599999986588955,0.419999986886978,180999994277954.0,0.0,1.0,10,127,1302,1610.0,Baja Actividad,Alto Sedentarismo,,,
2320127002,2016-04-22,5583.0,375999999046326.0,0.0,0.0,375999999046326.0,0.0,0.0,0,266,1174,1851.0,Baja Actividad,Alto Sedentarismo,,,
2320127002,2016-04-23,5079.0,342000007629395.0,0.0,0.0,342000007629395.0,0.0,0.0,0,242,1129,1804.0,Baja Actividad,Alto Sedentarismo,61.0,69.0,0.88
2320127002,2016-04-24,4165.0,280999994277954.0,0.0,0.0,279999995231628.0,0.0,0.0,0,204,1236,1725.0,Baja Actividad,Alto Sedentarismo,,,
2320127002,2016-04-25,3588.0,242000007629395.0,0.230000004172325,0.200000002980232,199000000953674.0,0.0,3.0,5,152,1280,1654.0,Baja Actividad,Alto Sedentarismo,,,
2320127002,2016-04-26,3409.0,229999995231628.0,0.0,0.0,229999995231628.0,0.0,0.0,0,147,1293,1632.0,Baja Actividad,Alto Sedentarismo,,,
2320127002,2016-04-27,1715.0,11599999666214.0,0.0,0.0,11599999666214.0,0.0,0.0,0,82,1358,1481.0,Baja Actividad,Alto Sedentarismo,,,
2320127002,2016-04-28,1532.0,102999997138977.0,0.0,0.0,102999997138977.0,0.0,0.0,0,76,1364,1473.0,Baja Actividad,Alto Sedentarismo,,,
2320127002,2016-04-29,924.0,0.620000004768372,0.0,0.0,0.620000004768372,0.0,0.0,0,45,1395,1410.0,Baja Actividad,Alto Sedentarismo,,,
2320127002,2016-04-30,4571.0,307999992370605.0,0.0,0.0,30699999332428.0,0.0,0.0,0,234,1206,1779.0,Baja Actividad,Alto Sedentarismo,,,
2320127002,2016-01-05,772.0,0.519999980926514,0.0,0.0,0.519999980926514,0.0,0.0,0,40,1400,1403.0,Baja Actividad,Alto Sedentarismo,,,
2320127002,2016-02-05,3634.0,245000004768372.0,0.360000014305115,0.209999993443489,187999999523163.0,0.0,5.0,6,123,1306,1613.0,Baja Actividad,Alto Sedentarismo,,,
2320127002,2016-03-05,7443.0,501999998092651.0,149000000953674.0,0.370000004768372,316000008583069.0,0.0,20.0,10,206,1204,1878.0,Baja Actividad,Alto Sedentarismo,,,
2320127002,2016-04-05,1201.0,0.810000002384186,0.0,0.0,0.810000002384186,0.0,0.0,0,52,1388,1426.0,Baja Actividad,Alto Sedentarismo,,,
2320127002,2016-05-05,5202.0,350999999046326.0,0.0,0.389999985694885,310999989509583.0,0.0,0.0,11,223,1206,1780.0,Baja Actividad,Alto Sedentarismo,,,
2320127002,2016-06-05,4878.0,328999996185303.0,0.0,0.0,328999996185303.0,0.0,0.0,0,204,1236,1742.0,Baja Actividad,Alto Sedentarismo,,,
2320127002,2016-07-05,7379.0,496999979019165.0,0.0,0.0,496999979019165.0,0.0,0.0,0,319,1121,1972.0,Baja Actividad,Alto Sedentarismo,,,
2320127002,2016-08-05,5161.0,348000001907349.0,0.0,0.0,347000002861023.0,0.0,0.0,0,247,1193,1821.0,Baja Actividad,Alto Sedentarismo,,,
2320127002,2016-09-05,3090.0,207999992370605.0,0.0,0.0,207999992370605.0,0.0,0.0,0,145,1295,1630.0,Baja Actividad,Alto Sedentarismo,,,
2320127002,2016-10-05,6227.0,419999980926514.0,0.0,0.0,419999980926514.0,0.0,0.0,0,290,1150,1899.0,Baja Actividad,Alto Sedentarismo,,,
2320127002,2016-11-05,6424.0,432999992370605.0,0.0,0.0,432999992370605.0,0.0,0.0,0,300,1140,1903.0,Baja Actividad,Alto Sedentarismo,,,
2320127002,2016-12-05,2661.0,178999996185303.0,0.0,0.0,178999996185303.0,0.0,0.0,0,128,830,1125.0,Baja Actividad,Alto Sedentarismo,,,
2347167796,2016-12-04,10113.0,682999992370605.0,2.0,0.620000004768372,419999980926514.0,0.0,28.0,13,320,964,2344.0,Alta Actividad,Alto Sedentarismo,,,
2347167796,2016-04-13,10352.0,701000022888184.0,16599999666214.0,194000005722046.0,341000008583069.0,0.0,19.0,32,195,676,2038.0,Alta Actividad,Bajo Sedentarismo,467.0,531.0,0.88
2347167796,2016-04-14,10129.0,669999980926514.0,0.0199999995529652,274000000953674.0,394000005722046.0,0.0,1.0,48,206,705,2010.0,Alta Actividad,Alto Sedentarismo,445.0,489.0,0.91
2347167796,2016-04-15,10465.0,692000007629395.0,0.0700000002980232,141999995708466.0,542999982833862.0,0.0,1.0,24,284,720,2133.0,Alta Actividad,Alto Sedentarismo,452.0,504.0,0.9
2347167796,2016-04-16,20400.375,150799999237061.0,544999980926514.0,409999990463257.0,553000020980835.0,0.0,66.0,72,268,968,2670.0,Alta Actividad,Alto Sedentarismo,,,
2347167796,2016-04-17,5472.0,361999988555908.0,0.0799999982118607,0.280000001192093,325999999046326.0,0.0,1.0,7,249,508,1882.0,Baja Actividad,Bajo Sedentarismo,556.0,602.0,0.92
2347167796,2016-04-18,8247.0,544999980926514.0,0.790000021457672,0.860000014305115,378999996185303.0,0.0,11.0,16,206,678,1944.0,Baja Actividad,Bajo Sedentarismo,500.0,557.0,0.9
2347167796,2016-04-19,6711.0,444000005722046.0,0.0,0.0,444000005722046.0,0.0,0.0,7,382,648,2346.0,Baja Actividad,Bajo Sedentarismo,465.0,514.0,0.9
2347167796,2016-04-20,10999.0,726999998092651.0,0.680000007152557,180999994277954.0,478000020980835.0,0.0,11.0,43,269,1011,2198.0,Alta Actividad,Alto Sedentarismo,,,
2347167796,2016-04-21,10080.0,6.75,185000002384186.0,152999997138977.0,338000011444092.0,0.0,23.0,26,208,761,2048.0,Alta Actividad,Alto Sedentarismo,460.0,484.0,0.95
2347167796,2016-04-22,7804.0,515999984741211.0,0.560000002384186,167999994754791.0,292000007629395.0,0.0,9.0,27,206,781,1946.0,Baja Actividad,Alto Sedentarismo,405.0,461.0,0.88
2347167796,2016-04-23,16901.0,113699998855591.0,277999997138977.0,145000004768372.0,715000009536743.0,0.0,32.0,35,360,591,2629.0,Alta Actividad,Bajo Sedentarismo,374.0,386.0,0.97
2347167796,2016-04-24,9471.0,626000022888184.0,0.0,0.0,626000022888184.0,0.0,0.0,0,360,584,2187.0,Baja Actividad,Bajo Sedentarismo,442.0,459.0,0.96
2347167796,2016-04-25,9482.0,638000011444092.0,126999998092651.0,0.519999980926514,459999990463257.0,0.0,15.0,11,277,653,2095.0,Baja Actividad,Bajo Sedentarismo,433.0,471.0,0.92
2347167796,2016-04-26,5980.0,395000004768372.0,0.0,0.0,395000004768372.0,0.0,0.0,0,227,732,1861.0,Baja Actividad,Alto Sedentarismo,436.0,490.0,0.89
2347167796,2016-04-27,11423.0,757999992370605.0,186000001430511.0,0.400000005960464,532000017166138.0,0.0,26.0,9,295,623,2194.0,Alta Actividad,Bajo Sedentarismo,448.0,499.0,0.9
2347167796,2016-04-28,5439.0,359999990463257.0,0.0,0.0,359999990463257.0,0.0,0.0,0,229,764,1854.0,Baja Actividad,Alto Sedentarismo,408.0,450.0,0.91
2347167796,2016-04-29,42.0,0.0299999993294477,0.0,0.0,0.0299999993294477,0.0,0.0,0,4,2,403.0,Baja Actividad,Bajo Sedentarismo,411.0,473.0,0.87
2873212765,2016-12-04,8796.0,590999984741211.0,0.109999999403954,0.930000007152557,488000011444092.0,0.0,2.0,21,356,1061,1982.0,Baja Actividad,Alto Sedentarismo,,,
2873212765,2016-04-13,7618.0,511999988555908.0,0.0,0.219999998807907,488000011444092.0,0.0199999995529652,0.0,8,404,1028,2004.0,Baja Actividad,Alto Sedentarismo,,,
2873212765,2016-04-14,7910.0,532000017166138.0,0.0,0.0,532000017166138.0,0.0,0.0,0,331,1109,1893.0,Baja Actividad,Alto Sedentarismo,,,
2873212765,2016-04-15,8482.0,569999980926514.0,0.0,0.0,569000005722046.0,0.0099999997764825,0.0,0,448,992,2063.0,Baja Actividad,Alto Sedentarismo,,,
2873212765,2016-04-16,9685.0,665000009536743.0,310999989509583.0,0.0199999995529652,350999999046326.0,0.0099999997764825,47.0,1,305,1087,2148.0,Baja Actividad,Alto Sedentarismo,,,
2873212765,2016-04-17,2524.0,170000004768372.0,0.0,0.349999994039536,13400000333786.0,0.0,0.0,8,160,1272,1529.0,Baja Actividad,Alto Sedentarismo,,,
2873212765,2016-04-18,7762.0,523999977111816.0,0.0700000002980232,0.280000001192093,48899998664856.0,0.0,1.0,6,311,1122,1890.0,Baja Actividad,Alto Sedentarismo,,,
2873212765,2016-04-19,7948.0,536999988555908.0,0.0,0.0,53600001335144.0,0.0,0.0,0,389,1051,1956.0,Baja Actividad,Alto Sedentarismo,,,
2873212765,2016-04-20,9202.0,630000019073486.0,150999999046326.0,0.119999997317791,465999984741211.0,0.0099999997764825,22.0,5,378,1035,2094.0,Baja Actividad,Alto Sedentarismo,,,
2873212765,2016-04-21,8859.0,598000001907349.0,0.129999995231628,0.370000004768372,546999979019165.0,0.0099999997764825,2.0,10,371,1057,1970.0,Baja Actividad,Alto Sedentarismo,,,
2873212765,2016-04-22,7286.0,490000009536743.0,0.46000000834465,0.0,442000007629395.0,0.0199999995529652,46.0,0,366,1028,2241.0,Baja Actividad,Alto Sedentarismo,,,
2873212765,2016-04-23,9317.0,634999990463257.0,208999991416931.0,0.230000004172325,401999998092651.0,0.0099999997764825,28.0,5,330,1077,2021.0,Baja Actividad,Alto Sedentarismo,,,
2873212765,2016-04-24,6873.0,467999982833862.0,3.0,0.0599999986588955,162000000476837.0,0.0,46.0,1,190,1203,1898.0,Baja Actividad,Alto Sedentarismo,,,
2873212765,2016-04-25,7373.0,494999980926514.0,0.0,0.0,494999980926514.0,0.0,0.0,0,359,1081,1907.0,Baja Actividad,Alto Sedentarismo,,,
2873212765,2016-04-26,8242.0,553999996185303.0,0.119999997317791,0.180000007152557,523999977111816.0,0.0,2.0,5,309,1124,1882.0,Baja Actividad,Alto Sedentarismo,,,
2873212765,2016-04-27,3516.0,235999989509583.0,0.0,0.0,235999989509583.0,0.0,46.0,0,197,1197,1966.0,Baja Actividad,Alto Sedentarismo,,,
2873212765,2016-04-28,7913.0,540999984741211.0,216000008583069.0,0.340000003576279,291000008583069.0,0.0,28.0,7,213,1192,1835.0,Baja Actividad,Alto Sedentarismo,,,
2873212765,2016-04-29,7365.0,494999980926514.0,136000001430511.0,14099999666214.0,21800000667572.0,0.0,20.0,23,206,1191,1780.0,Baja Actividad,Alto Sedentarismo,,,
2873212765,2016-04-30,8452.0,567999982833862.0,0.330000013113022,108000004291534.0,426000022888184.0,0.0099999997764825,5.0,20,248,1167,1830.0,Baja Actividad,Alto Sedentarismo,,,
2873212765,2016-01-05,7399.0,496999979019165.0,0.490000009536743,103999996185303.0,344000005722046.0,0.0,7.0,18,196,1219,1739.0,Baja Actividad,Alto Sedentarismo,,,
2873212765,2016-02-05,7525.0,505999994277954.0,0.0,0.209999993443489,482999992370605.0,0.0199999995529652,0.0,7,334,1099,1878.0,Baja Actividad,Alto Sedentarismo,,,
2873212765,2016-03-05,7412.0,498000001907349.0,0.0599999986588955,0.25,465999984741211.0,0.0099999997764825,1.0,6,363,1070,1906.0,Baja Actividad,Alto Sedentarismo,,,
2873212765,2016-04-05,8278.0,555999994277954.0,0.0,0.0,555999994277954.0,0.0,0.0,0,420,1020,2015.0,Baja Actividad,Alto Sedentarismo,,,
2873212765,2016-05-05,8314.0,56100001335144.0,0.779999971389771,0.800000011920929,403000020980835.0,0.0,13.0,23,311,1093,1971.0,Baja Actividad,Alto Sedentarismo,,,
2873212765,2016-06-05,7063.0,4.75,0.0,0.119999997317791,46100001335144.0,0.0099999997764825,0.0,5,370,1065,1910.0,Baja Actividad,Alto Sedentarismo,,,
2873212765,2016-07-05,4940.0,338000011444092.0,227999997138977.0,0.550000011920929,0.550000011920929,0.0,75.0,11,52,1302,1897.0,Baja Actividad,Alto Sedentarismo,,,
2873212765,2016-08-05,8168.0,553999996185303.0,290000009536743.0,0.0,264000010490417.0,0.0,46.0,0,326,1068,2096.0,Baja Actividad,Alto Sedentarismo,,,
2873212765,2016-09-05,7726.0,519000005722046.0,0.0,0.0,519000005722046.0,0.0,0.0,0,345,1095,1906.0,Baja Actividad,Alto Sedentarismo,,,
2873212765,2016-10-05,8275.0,555999994277954.0,0.0,0.0,555000019073486.0,0.0099999997764825,0.0,0,373,1067,1962.0,Baja Actividad,Alto Sedentarismo,,,
2873212765,2016-11-05,6440.0,432999992370605.0,0.0,0.0,432000017166138.0,0.0099999997764825,0.0,0,319,1121,1826.0,Baja Actividad,Alto Sedentarismo,,,
2873212765,2016-12-05,7566.0,51100001335144.0,0.0,0.0,51100001335144.0,0.0,0.0,0,268,720,1431.0,Baja Actividad,Alto Sedentarismo,,,
3372868164,2016-12-04,4747.0,324000000953674.0,0.0,0.0,323000001907349.0,0.0099999997764825,0.0,0,280,1160,1788.0,Baja Actividad,Alto Sedentarismo,,,
3372868164,2016-04-13,9715.0,663000011444092.0,0.990000009536743,0.340000003576279,526999998092651.0,0.0199999995529652,16.0,8,371,1045,2093.0,Baja Actividad,Alto Sedentarismo,,,
3372868164,2016-04-14,8844.0,603000020980835.0,0.340000003576279,102999997138977.0,465000009536743.0,0.0099999997764825,6.0,25,370,1039,2065.0,Baja Actividad,Alto Sedentarismo,,,
3372868164,2016-04-15,7451.0,507999992370605.0,0.0,0.0,505999994277954.0,0.0199999995529652,0.0,0,335,1105,1908.0,Baja Actividad,Alto Sedentarismo,,,
3372868164,2016-04-16,6905.0,473000001907349.0,0.0,0.0,469999980926514.0,0.0299999993294477,0.0,0,356,1084,1908.0,Baja Actividad,Alto Sedentarismo,,,
3372868164,2016-04-17,8199.0,588000011444092.0,14099999666214.0,0.100000001490116,43600001335144.0,0.0099999997764825,11.0,2,322,1105,1964.0,Baja Actividad,Alto Sedentarismo,,,
3372868164,2016-04-18,6798.0,46399998664856.0,108000004291534.0,0.200000002980232,334999990463257.0,0.0,20.0,7,343,1070,2014.0,Baja Actividad,Alto Sedentarismo,,,
3372868164,2016-04-19,7711.0,526000022888184.0,0.0,0.0,523999977111816.0,0.0199999995529652,0.0,0,376,1064,1985.0,Baja Actividad,Alto Sedentarismo,,,
3372868164,2016-04-20,4880.0,332999992370605.0,0.839999973773956,0.0900000035762787,238000011444092.0,0.0199999995529652,15.0,3,274,1148,1867.0,Baja Actividad,Alto Sedentarismo,,,
3372868164,2016-04-21,8857.0,607000017166138.0,114999997615814.0,0.259999990463257,46399998664856.0,0.0099999997764825,18.0,9,376,1037,2124.0,Baja Actividad,Alto Sedentarismo,,,
3372868164,2016-04-22,3843.0,261999988555908.0,0.0,0.0,260999989509583.0,0.0099999997764825,0.0,0,206,1234,1669.0,Baja Actividad,Alto Sedentarismo,,,
3372868164,2016-04-23,7396.0,507000017166138.0,139999997615814.0,0.0799999982118607,357999992370605.0,0.0,20.0,2,303,1115,1995.0,Baja Actividad,Alto Sedentarismo,,,
3372868164,2016-04-24,6731.0,459000015258789.0,0.889999985694885,0.189999997615814,349000000953674.0,0.0199999995529652,14.0,7,292,1127,1921.0,Baja Actividad,Alto Sedentarismo,,,
3372868164,2016-04-25,5995.0,409000015258789.0,0.0,0.0,409000015258789.0,0.0,0.0,0,416,1024,2010.0,Baja Actividad,Alto Sedentarismo,,,
3372868164,2016-04-26,8283.0,578999996185303.0,185000002384186.0,0.0500000007450581,386999988555908.0,0.0099999997764825,22.0,2,333,1083,2057.0,Baja Actividad,Alto Sedentarismo,,,
3372868164,2016-04-27,7904.0,542000007629395.0,158000004291534.0,0.629999995231628,319000005722046.0,0.0099999997764825,24.0,13,346,1057,2095.0,Baja Actividad,Alto Sedentarismo,,,
3372868164,2016-04-28,5512.0,375999999046326.0,0.0,0.0,375999999046326.0,0.0,0.0,0,385,1055,1972.0,Baja Actividad,Alto Sedentarismo,,,
3372868164,2016-04-29,9135.0,623000001907349.0,0.0,0.0,621999979019165.0,0.0099999997764825,0.0,0,402,1038,2044.0,Baja Actividad,Alto Sedentarismo,,,
3372868164,2016-04-30,5250.0,357999992370605.0,105999994277954.0,0.0900000035762787,242000007629395.0,0.0099999997764825,17.0,4,300,1119,1946.0,Baja Actividad,Alto Sedentarismo,,,
3372868164,2016-01-05,3077.0,209999990463257.0,0.0,0.0,208999991416931.0,0.0,0.0,0,172,842,1237.0,Baja Actividad,Alto Sedentarismo,,,
3977333714,2016-12-04,8856.0,598000001907349.0,305999994277954.0,0.910000026226044,200999999046326.0,0.0,44.0,19,131,777,1450.0,Baja Actividad,Alto Sedentarismo,,,
3977333714,2016-04-13,10035.0,671000003814697.0,202999997138977.0,213000011444092.0,254999995231628.0,0.0,31.0,46,153,754,1495.0,Alta Actividad,Alto Sedentarismo,295.0,456.0,0.65
3977333714,2016-04-14,7641.0,51100001335144.0,0.319999992847443,0.970000028610229,38199999332428.0,0.0,5.0,23,214,801,1433.0,Baja Actividad,Alto Sedentarismo,291.0,397.0,0.73
3977333714,2016-04-15,9010.0,605999994277954.0,104999995231628.0,1.75,325999999046326.0,0.0,15.0,42,183,644,1468.0,Baja Actividad,Bajo Sedentarismo,424.0,556.0,0.76
3977333714,2016-04-16,13459.0,9.0,202999997138977.0,4.0,297000002861023.0,0.0,31.0,83,153,663,1625.0,Alta Actividad,Bajo Sedentarismo,283.0,510.0,0.55
3977333714,2016-04-17,10415.0,696999979019165.0,0.699999988079071,234999990463257.0,392000007629395.0,0.0,11.0,58,205,600,1529.0,Alta Actividad,Bajo Sedentarismo,381.0,566.0,0.67
3977333714,2016-04-18,11663.0,780000019073486.0,0.25,373000001907349.0,38199999332428.0,0.0,4.0,95,214,605,1584.0,Alta Actividad,Bajo Sedentarismo,412.0,522.0,0.79
3977333714,2016-04-19,12414.0,877999973297119.0,224000000953674.0,245000004768372.0,396000003814697.0,0.0,19.0,67,221,738,1638.0,Alta Actividad,Alto Sedentarismo,219.0,395.0,0.55
3977333714,2016-04-20,11658.0,782999992370605.0,0.200000002980232,434999990463257.0,327999997138977.0,0.0,2.0,98,164,845,1554.0,Alta Actividad,Alto Sedentarismo,152.0,305.0,0.5
3977333714,2016-04-21,6093.0,407999992370605.0,0.0,0.0,405999994277954.0,0.0,0.0,0,242,712,1397.0,Baja Actividad,Alto Sedentarismo,332.0,512.0,0.65
3977333714,2016-04-22,8911.0,596000003814697.0,232999992370605.0,0.579999983310699,305999994277954.0,0.0,33.0,12,188,731,1481.0,Baja Actividad,Alto Sedentarismo,355.0,476.0,0.75
3977333714,2016-04-23,12058.0,806999969482422.0,0.0,421999979019165.0,384999990463257.0,0.0,0.0,92,252,724,1638.0,Alta Actividad,Alto Sedentarismo,235.0,372.0,0.63
3977333714,2016-04-24,14112.0,10.0,326999998092651.0,455999994277954.0,217000007629395.0,0.0,30.0,95,129,660,1655.0,Alta Actividad,Bajo Sedentarismo,310.0,526.0,0.59
3977333714,2016-04-25,11177.0,847999954223633.0,561999988555908.0,0.430000007152557,241000008583069.0,0.0,50.0,9,133,781,1570.0,Alta Actividad,Alto Sedentarismo,262.0,467.0,0.56
3977333714,2016-04-26,11388.0,761999988555908.0,0.449999988079071,421999979019165.0,295000004768372.0,0.0,7.0,95,170,797,1551.0,Alta Actividad,Alto Sedentarismo,250.0,371.0,0.67
3977333714,2016-04-27,7193.0,503999996185303.0,0.0,0.419999986886978,461999988555908.0,0.0,0.0,10,176,714,1377.0,Baja Actividad,Alto Sedentarismo,349.0,540.0,0.65
3977333714,2016-04-28,7114.0,488000011444092.0,137000000476837.0,0.28999999165535,322000002861023.0,0.0,15.0,8,190,804,1407.0,Baja Actividad,Alto Sedentarismo,261.0,423.0,0.62
3977333714,2016-04-29,10645.0,7.75,374000000953674.0,129999995231628.0,271000003814697.0,0.0,36.0,32,150,744,1545.0,Alta Actividad,Alto Sedentarismo,333.0,478.0,0.7
3977333714,2016-04-30,13238.0,919999980926514.0,369000005722046.0,209999990463257.0,341000008583069.0,0.0,43.0,52,194,687,1650.0,Alta Actividad,Bajo Sedentarismo,237.0,382.0,0.62
3977333714,2016-01-05,10414.0,707000017166138.0,267000007629395.0,198000001907349.0,241000008583069.0,0.0,41.0,40,124,691,1501.0,Alta Actividad,Bajo Sedentarismo,,,
3977333714,2016-02-05,16520.0,110500001907349.0,153999996185303.0,648000001907349.0,301999998092651.0,0.0,24.0,143,176,713,1760.0,Alta Actividad,Alto Sedentarismo,,,
3977333714,2016-03-05,14335.0,959000015258789.0,33199999332428.0,174000000953674.0,453000020980835.0,0.0,47.0,41,258,594,1710.0,Alta Actividad,Bajo Sedentarismo,,,
3977333714,2016-04-05,13559.0,94399995803833.0,180999994277954.0,457999992370605.0,289000010490417.0,0.0,14.0,96,142,852,1628.0,Alta Actividad,Alto Sedentarismo,,,
3977333714,2016-05-05,12312.0,857999992370605.0,175999999046326.0,41100001335144.0,271000003814697.0,0.0,14.0,88,178,680,1618.0,Alta Actividad,Bajo Sedentarismo,318.0,480.0,0.66
3977333714,2016-06-05,11677.0,827999973297119.0,310999989509583.0,250999999046326.0,267000007629395.0,0.0,29.0,55,168,676,1590.0,Alta Actividad,Bajo Sedentarismo,,,
3977333714,2016-07-05,11550.0,773000001907349.0,0.0,413000011444092.0,358999991416931.0,0.0,0.0,86,208,703,1574.0,Alta Actividad,Alto Sedentarismo,,,
3977333714,2016-08-05,13585.0,909000015258789.0,0.680000007152557,523999977111816.0,317000007629395.0,0.0,9.0,116,171,688,1633.0,Alta Actividad,Bajo Sedentarismo,,,
3977333714,2016-09-05,14687.0,100799999237061.0,0.769999980926514,559999990463257.0,354999995231628.0,0.0,8.0,122,151,1159,1667.0,Alta Actividad,Alto Sedentarismo,,,
3977333714,2016-10-05,13072.0,877999973297119.0,0.0700000002980232,540000009536743.0,330999994277954.0,0.0,1.0,115,196,676,1630.0,Alta Actividad,Bajo Sedentarismo,,,
3977333714,2016-11-05,746.0,0.5,0.370000004768372,0.0,0.129999995231628,0.0,4.0,0,9,13,388.625,Baja Actividad,Bajo Sedentarismo,,,
4020332650,2016-12-04,8539.0,611999988555908.0,0.150000005960464,0.239999994635582,567999982833862.0,0.0,4.0,15,331,712,3654.0,Baja Actividad,Alto Sedentarismo,,,
4020332650,2016-04-14,108.0,0.0799999982118607,0.0,0.0,0.0299999993294477,0.0,0.0,0,3,1437,2011.0,Baja Actividad,Alto Sedentarismo,,,
4020332650,2016-04-15,1882.0,135000002384186.0,0.209999993443489,0.360000014305115,0.769999980926514,0.0,36.0,18,87,1299,2951.0,Baja Actividad,Alto Sedentarismo,,,
4020332650,2016-04-16,1982.0,141999995708466.0,0.449999988079071,0.370000004768372,0.589999973773956,0.0,65.0,21,55,1222,3051.0,Baja Actividad,Alto Sedentarismo,77.0,77.0,1.0
4020332650,2016-04-17,16.0,0.0099999997764825,0.0,0.0,0.0099999997764825,0.0,0.0,0,2,1438,1990.0,Baja Actividad,Alto Sedentarismo,,,
4020332650,2016-04-18,62.0,0.0399999991059303,0.0,0.0,0.0399999991059303,0.0,0.0,0,2,1438,1995.0,Baja Actividad,Alto Sedentarismo,,,
4020332650,2016-02-05,475.0,0.340000003576279,0.0,0.0399999991059303,0.28999999165535,0.0,0.0,11,31,1350,2207.0,Baja Actividad,Alto Sedentarismo,,,
4020332650,2016-03-05,4496.0,322000002861023.0,0.0,0.0,315000009536743.0,0.0500000007450581,0.0,0,174,950,2828.0,Baja Actividad,Alto Sedentarismo,,,
4020332650,2016-04-05,10252.0,734999990463257.0,0.670000016689301,103999996185303.0,557999992370605.0,0.0,13.0,46,346,531,3879.0,Alta Actividad,Bajo Sedentarismo,,,
4020332650,2016-05-05,11728.0,843000030517578.0,261999988555908.0,167999994754791.0,403999996185303.0,0.0700000002980232,38.0,42,196,916,3429.0,Alta Actividad,Alto Sedentarismo,226.0,248.0,0.91
4020332650,2016-06-05,4369.0,313000011444092.0,0.0,0.0,309999990463257.0,0.0099999997764825,0.0,0,177,855,2704.0,Baja Actividad,Alto Sedentarismo,,,
4020332650,2016-07-05,6132.0,440000009536743.0,0.0,0.0,357999992370605.0,0.0,0.0,0,184,1256,2975.0,Baja Actividad,Alto Sedentarismo,,,
4020332650,2016-08-05,5862.0,419999980926514.0,0.0,0.0,415000009536743.0,0.0,0.0,0,263,775,3089.0,Baja Actividad,Alto Sedentarismo,,,
4020332650,2016-09-05,4556.0,326999998092651.0,0.200000002980232,0.119999997317791,294000005722046.0,0.0,3.0,5,173,1225,2785.0,Baja Actividad,Alto Sedentarismo,,,
4020332650,2016-10-05,5546.0,398000001907349.0,0.0,0.0,386999988555908.0,0.0399999991059303,0.0,0,206,774,2926.0,Baja Actividad,Alto Sedentarismo,,,
4020332650,2016-11-05,3689.0,265000009536743.0,0.109999999403954,0.170000001788139,232999992370605.0,0.0,2.0,8,134,1296,2645.0,Baja Actividad,Alto Sedentarismo,,,
4020332650,2016-12-05,590.0,0.419999986886978,0.0,0.0,0.409999996423721,0.0,0.0,0,21,721,1120.0,Baja Actividad,Alto Sedentarismo,,,
4057192912,2016-12-04,5394.0,403000020980835.0,0.0,0.0,394000005722046.0,0.0,0.0,0,164,1276,2286.0,Baja Actividad,Alto Sedentarismo,,,
4057192912,2016-04-13,5974.0,446999979019165.0,0.0,0.0,436999988555908.0,0.0,0.0,0,160,1280,2306.0,Baja Actividad,Alto Sedentarismo,,,
4057192912,2016-04-15,3984.0,295000004768372.0,0.209999993443489,0.259999990463257,244000005722046.0,0.0,3.0,6,88,873,1527.0,Baja Actividad,Alto Sedentarismo,,,
4319703577,2016-12-04,7753.0,519999980926514.0,0.0,0.0,0.0,0.0,0.0,0,0,1440,2115.0,Baja Actividad,Alto Sedentarismo,,,
4319703577,2016-04-13,8204.0,5.5,0.529999971389771,0.589999973773956,130999994277954.0,0.0,8.0,15,96,1234,2135.0,Baja Actividad,Alto Sedentarismo,,,
4319703577,2016-04-14,10210.0,688000011444092.0,0.109999999403954,0.330000013113022,644000005722046.0,0.0,1.0,9,339,589,2302.0,Alta Actividad,Bajo Sedentarismo,535.0,557.0,0.96
4319703577,2016-04-15,5664.0,379999995231628.0,0.0,0.0,379999995231628.0,0.0,0.0,0,228,752,1985.0,Baja Actividad,Alto Sedentarismo,465.0,491.0,0.95
4319703577,2016-04-16,4744.0,31800000667572.0,0.0,0.0,31800000667572.0,0.0,0.0,0,194,724,1884.0,Baja Actividad,Alto Sedentarismo,506.0,522.0,0.97
4319703577,2016-04-17,29.0,0.0199999995529652,0.0,0.0,0.0199999995529652,0.0,0.0,0,3,1363,1464.0,Baja Actividad,Alto Sedentarismo,,,
4319703577,2016-04-18,2276.0,154999995231628.0,0.0700000002980232,0.330000013113022,112000000476837.0,0.0,1.0,9,58,824,1632.0,Baja Actividad,Alto Sedentarismo,515.0,551.0,0.93
4319703577,2016-04-19,8925.0,598999977111816.0,0.0,0.0,598999977111816.0,0.0,0.0,0,311,604,2200.0,Baja Actividad,Bajo Sedentarismo,461.0,498.0,0.93
4319703577,2016-04-20,8954.0,601000022888184.0,0.0,0.680000007152557,530999994277954.0,0.0,0.0,18,306,671,2220.0,Baja Actividad,Bajo Sedentarismo,523.0,543.0,0.96
4319703577,2016-04-21,3702.0,248000001907349.0,0.0,0.0,0.349999994039536,0.0,0.0,0,34,1265,1792.0,Baja Actividad,Alto Sedentarismo,59.0,65.0,0.91
4319703577,2016-04-22,4500.0,301999998092651.0,0.0599999986588955,0.810000002384186,215000009536743.0,0.0,1.0,19,176,709,1886.0,Baja Actividad,Alto Sedentarismo,533.0,550.0,0.97
4319703577,2016-04-23,4935.0,330999994277954.0,0.0,0.0,330999994277954.0,0.0,0.0,0,233,546,1945.0,Baja Actividad,Bajo Sedentarismo,692.0,722.0,0.96
4319703577,2016-04-24,4081.0,274000000953674.0,0.0599999986588955,0.200000002980232,247000002861023.0,0.0,1.0,5,191,692,1880.0,Baja Actividad,Bajo Sedentarismo,467.0,501.0,0.93
4319703577,2016-04-25,9259.0,621000003814697.0,0.0,0.280000001192093,592999982833862.0,0.0,0.0,8,390,544,2314.0,Baja Actividad,Bajo Sedentarismo,488.0,506.0,0.96
4319703577,2016-04-26,9899.0,66399998664856.0,0.569999992847443,0.920000016689301,515000009536743.0,0.0,8.0,21,288,649,2236.0,Baja Actividad,Bajo Sedentarismo,505.0,516.0,0.98
4319703577,2016-04-27,10780.0,723000001907349.0,0.409999996423721,191999995708466.0,490999984741211.0,0.0,6.0,47,300,680,2324.0,Alta Actividad,Bajo Sedentarismo,286.0,307.0,0.93
4319703577,2016-04-28,10817.0,728000020980835.0,100999999046326.0,0.330000013113022,594000005722046.0,0.0,13.0,8,359,552,2367.0,Alta Actividad,Bajo Sedentarismo,497.0,522.0,0.95
4319703577,2016-04-29,7990.0,53600001335144.0,0.449999988079071,0.790000021457672,411999988555908.0,0.0,6.0,18,289,624,2175.0,Baja Actividad,Bajo Sedentarismo,523.0,546.0,0.96
4319703577,2016-04-30,8221.0,551999998092651.0,0.400000005960464,161000001430511.0,350999999046326.0,0.0,6.0,38,196,695,2092.0,Baja Actividad,Bajo Sedentarismo,490.0,516.0,0.95
4319703577,2016-01-05,1251.0,0.839999973773956,0.0,0.0,0.839999973773956,0.0,0.0,0,67,836,1593.0,Baja Actividad,Alto Sedentarismo,,,
4319703577,2016-02-05,9261.0,623999977111816.0,0.0,0.439999997615814,571000003814697.0,0.0,0.0,11,344,585,2270.0,Baja Actividad,Bajo Sedentarismo,,,
4319703577,2016-03-05,9648.0,646999979019165.0,0.579999983310699,107000005245209.0,482999992370605.0,0.0,8.0,26,287,669,2235.0,Baja Actividad,Bajo Sedentarismo,,,
4319703577,2016-04-05,10429.0,701999998092651.0,0.589999973773956,0.579999983310699,584999990463257.0,0.0,8.0,13,313,1106,2282.0,Alta Actividad,Alto Sedentarismo,,,
4319703577,2016-05-05,13658.0,948999977111816.0,263000011444092.0,14099999666214.0,544999980926514.0,0.0,27.0,34,328,957,2530.0,Alta Actividad,Alto Sedentarismo,,,
4319703577,2016-06-05,9524.0,642000007629395.0,0.409999996423721,0.469999998807907,546000003814697.0,0.0,6.0,11,314,692,2266.0,Baja Actividad,Bajo Sedentarismo,,,
4319703577,2016-07-05,7937.0,532999992370605.0,0.189999997615814,104999995231628.0,407999992370605.0,0.0,3.0,28,279,586,2158.0,Baja Actividad,Bajo Sedentarismo,,,
4319703577,2016-08-05,3672.0,246000003814697.0,0.0,0.0,246000003814697.0,0.0,0.0,0,153,603,1792.0,Baja Actividad,Bajo Sedentarismo,,,
4319703577,2016-09-05,10378.0,696000003814697.0,0.140000000596046,0.560000002384186,6.25,0.0,2.0,14,374,490,2345.0,Alta Actividad,Bajo Sedentarismo,,,
4319703577,2016-10-05,9487.0,636999988555908.0,0.209999993443489,0.46000000834465,569999980926514.0,0.0,3.0,12,329,555,2260.0,Baja Actividad,Bajo Sedentarismo,,,
4319703577,2016-11-05,9129.0,613000011444092.0,0.200000002980232,0.740000009536743,517999982833862.0,0.0,3.0,18,311,574,2232.0,Baja Actividad,Bajo Sedentarismo,,,
4319703577,2016-12-05,17.0,0.0099999997764825,0.0,0.0,0.0099999997764825,0.0,0.0,0,2,0,388.625,Baja Actividad,Bajo Sedentarismo,,,
4388161847,2016-12-04,10122.0,778000020980835.0,0.0,0.0,0.0,0.0,0.0,0,0,1440,2955.0,Alta Actividad,Alto Sedentarismo,,,
4388161847,2016-04-13,10993.0,844999980926514.0,0.0599999986588955,0.629999995231628,388000011444092.0,0.0,1.0,14,150,1275,3092.0,Alta Actividad,Alto Sedentarismo,,,
4388161847,2016-04-14,8863.0,682000017166138.0,0.129999995231628,107000005245209.0,561999988555908.0,0.0,10.0,35,219,945,2998.0,Baja Actividad,Alto Sedentarismo,,,
4388161847,2016-04-15,8758.0,673000001907349.0,0.0,0.0,673000001907349.0,0.0,0.0,0,299,837,3066.0,Baja Actividad,Alto Sedentarismo,499.0,526.0,0.95
4388161847,2016-04-16,6580.0,505999994277954.0,0.209999993443489,0.400000005960464,444999980926514.0,0.0,6.0,9,253,609,3073.0,Baja Actividad,Bajo Sedentarismo,426.0,448.0,0.95
4388161847,2016-04-17,4660.0,357999992370605.0,0.0,0.0,357999992370605.0,0.0,0.0,0,201,721,2572.0,Baja Actividad,Alto Sedentarismo,619.0,641.0,0.97
4388161847,2016-04-18,11009.0,910000038146973.0,355999994277954.0,0.400000005960464,51399998664856.0,0.0,27.0,8,239,1017,3274.0,Alta Actividad,Alto Sedentarismo,99.0,104.0,0.95
4388161847,2016-04-19,10181.0,782999992370605.0,137000000476837.0,0.689999997615814,576999998092651.0,0.0,20.0,16,249,704,3015.0,Alta Actividad,Alto Sedentarismo,329.0,338.0,0.97
4388161847,2016-04-20,10553.0,811999988555908.0,110000002384186.0,172000002861023.0,528999996185303.0,0.0,19.0,42,228,696,3083.0,Alta Actividad,Bajo Sedentarismo,421.0,451.0,0.93
4388161847,2016-04-21,10055.0,773000001907349.0,0.370000004768372,0.389999985694885,698000001907349.0,0.0,7.0,12,272,853,3069.0,Alta Actividad,Alto Sedentarismo,442.0,458.0,0.97
4388161847,2016-04-22,12139.0,934000015258789.0,329999995231628.0,111000001430511.0,492000007629395.0,0.0,77.0,25,220,945,3544.0,Alta Actividad,Alto Sedentarismo,82.0,85.0,0.96
4388161847,2016-04-23,13236.0,101800003051758.0,4.5,0.319999992847443,534999990463257.0,0.0,58.0,5,215,749,3306.0,Alta Actividad,Alto Sedentarismo,478.0,501.0,0.95
4388161847,2016-04-24,10243.0,788000011444092.0,108000004291534.0,0.509999990463257,630000019073486.0,0.0,14.0,8,239,584,2885.0,Alta Actividad,Bajo Sedentarismo,552.0,595.0,0.93
4388161847,2016-04-25,12961.0,997000026702881.0,0.730000019073486,139999997615814.0,784000015258789.0,0.0,11.0,31,301,1054,3288.0,Alta Actividad,Alto Sedentarismo,,,
4388161847,2016-04-26,9461.0,728000020980835.0,0.939999997615814,105999994277954.0,526999998092651.0,0.0,14.0,23,224,673,2929.0,Baja Actividad,Bajo Sedentarismo,319.0,346.0,0.92
4388161847,2016-04-27,11193.0,860999965667725.0,0.699999988079071,250999999046326.0,53899998664856.0,0.0,11.0,48,241,684,3074.0,Alta Actividad,Bajo Sedentarismo,439.0,500.0,0.88
4388161847,2016-04-28,10074.0,7.75,128999996185303.0,0.430000007152557,603000020980835.0,0.0,19.0,9,234,878,2969.0,Alta Actividad,Alto Sedentarismo,428.0,458.0,0.93
4388161847,2016-04-29,9232.0,709999990463257.0,0.800000011920929,0.889999985694885,542000007629395.0,0.0,13.0,16,236,1175,2979.0,Baja Actividad,Alto Sedentarismo,,,
4388161847,2016-04-30,12533.0,964000034332275.0,0.699999988079071,2.0,694000005722046.0,0.0,14.0,43,300,537,3283.0,Alta Actividad,Bajo Sedentarismo,409.0,430.0,0.95
4388161847,2016-01-05,10255.0,78899998664856.0,100999999046326.0,0.680000007152557,619999980926514.0,0.0,12.0,15,241,579,2926.0,Alta Actividad,Bajo Sedentarismo,,,
4388161847,2016-02-05,10096.0,839999961853027.0,376999998092651.0,0.0799999982118607,455000019073486.0,0.0,33.0,4,204,935,3147.0,Alta Actividad,Alto Sedentarismo,,,
4388161847,2016-03-05,12727.0,978999996185303.0,112999999523163.0,0.779999971389771,788000011444092.0,0.0,18.0,18,306,984,3290.0,Alta Actividad,Alto Sedentarismo,,,
4388161847,2016-04-05,12375.0,952000045776367.0,278999996185303.0,0.930000007152557,580000019073486.0,0.0,35.0,21,251,632,3162.0,Alta Actividad,Bajo Sedentarismo,,,
4388161847,2016-05-05,9603.0,738000011444092.0,0.629999995231628,166999995708466.0,509000015258789.0,0.0,12.0,39,199,896,2899.0,Baja Actividad,Alto Sedentarismo,471.0,495.0,0.95
4388161847,2016-06-05,13175.0,101300001144409.0,210999989509583.0,208999991416931.0,592999982833862.0,0.0,33.0,45,262,1100,3425.0,Alta Actividad,Alto Sedentarismo,,,
4388161847,2016-07-05,20400.375,175400009155273.0,944999980926514.0,276999998092651.0,532999992370605.0,0.0,87.5,56,260,508,4022.0,Alta Actividad,Bajo Sedentarismo,,,
4388161847,2016-08-05,17298.0,143800001144409.0,989000034332275.0,125999999046326.0,323000001907349.0,0.0,87.5,38,178,576,3934.0,Alta Actividad,Bajo Sedentarismo,,,
4388161847,2016-09-05,10218.0,78600001335144.0,0.340000003576279,0.730000019073486,678999996185303.0,0.0,6.0,19,258,1020,3013.0,Alta Actividad,Alto Sedentarismo,,,
4388161847,2016-10-05,10299.0,792000007629395.0,0.810000002384186,0.649999976158142,646000003814697.0,0.0,13.0,14,267,648,3061.0,Alta Actividad,Bajo Sedentarismo,,,
4388161847,2016-11-05,10201.0,784000015258789.0,0.529999971389771,0.790000021457672,653000020980835.0,0.0,8.0,18,256,858,2954.0,Alta Actividad,Alto Sedentarismo,,,
4388161847,2016-12-05,3369.0,258999991416931.0,0.0,0.0,258999991416931.0,0.0,0.0,0,108,825,1623.0,Baja Actividad,Alto Sedentarismo,,,
4445114986,2016-12-04,3276.0,220000004768372.0,0.0,0.0,220000004768372.0,0.0,0.0,0,196,787,2113.0,Baja Actividad,Alto Sedentarismo,,,
4445114986,2016-04-13,2961.0,199000000953674.0,0.0,0.0,199000000953674.0,0.0,0.0,0,194,840,2095.0,Baja Actividad,Alto Sedentarismo,370.0,406.0,0.91
4445114986,2016-04-14,3974.0,267000007629395.0,0.0,0.0,267000007629395.0,0.0,0.0,0,231,717,2194.0,Baja Actividad,Alto Sedentarismo,441.0,492.0,0.9
4445114986,2016-04-15,7198.0,482999992370605.0,0.0,0.0,482999992370605.0,0.0,0.0,0,350,711,2496.0,Baja Actividad,Alto Sedentarismo,337.0,379.0,0.89
4445114986,2016-04-16,3945.0,265000009536743.0,0.0,0.0,265000009536743.0,0.0,0.0,0,225,716,2180.0,Baja Actividad,Alto Sedentarismo,462.0,499.0,0.93
4445114986,2016-04-17,2268.0,151999998092651.0,0.0,0.0,151999998092651.0,0.0,0.0,0,114,1219,1933.0,Baja Actividad,Alto Sedentarismo,98.0,107.0,0.92
4445114986,2016-04-18,6155.0,423999977111816.0,2.0,0.28999999165535,195000004768372.0,0.0,25.0,6,162,1247,2248.0,Baja Actividad,Alto Sedentarismo,,,
4445114986,2016-04-19,2064.0,138999998569489.0,0.0,0.0,138999998569489.0,0.0,0.0,0,121,895,1954.0,Baja Actividad,Alto Sedentarismo,388.0,424.0,0.92
4445114986,2016-04-20,2072.0,138999998569489.0,0.0,0.0,138999998569489.0,0.0,0.0,0,137,841,1974.0,Baja Actividad,Alto Sedentarismo,439.0,462.0,0.95
4445114986,2016-04-21,3809.0,255999994277954.0,0.0,0.0,253999996185303.0,0.0,0.0,0,215,756,2150.0,Baja Actividad,Alto Sedentarismo,436.0,469.0,0.93
4445114986,2016-04-22,6831.0,457999992370605.0,0.0,0.0,457999992370605.0,0.0,0.0,0,317,706,2432.0,Baja Actividad,Alto Sedentarismo,388.0,417.0,0.93
4445114986,2016-04-23,4363.0,29300000667572.0,0.0,0.0,29300000667572.0,0.0,0.0,0,201,1239,2149.0,Baja Actividad,Alto Sedentarismo,,,
4445114986,2016-04-24,5002.0,335999989509583.0,0.0,0.0,335999989509583.0,0.0,0.0,0,244,1196,2247.0,Baja Actividad,Alto Sedentarismo,,,
4445114986,2016-04-25,3385.0,226999998092651.0,0.0,0.0,226999998092651.0,0.0,0.0,0,179,916,2070.0,Baja Actividad,Alto Sedentarismo,328.0,345.0,0.95
4445114986,2016-04-26,6326.0,440999984741211.0,241000008583069.0,0.0399999991059303,196000003814697.0,0.0,29.0,1,180,839,2291.0,Baja Actividad,Alto Sedentarismo,353.0,391.0,0.9
4445114986,2016-04-27,7243.0,503000020980835.0,261999988555908.0,0.0299999993294477,238000011444092.0,0.0,32.0,1,194,839,2361.0,Baja Actividad,Alto Sedentarismo,332.0,374.0,0.89
4445114986,2016-04-28,4493.0,300999999046326.0,0.0,0.0,300999999046326.0,0.0,0.0,0,236,762,2203.0,Baja Actividad,Alto Sedentarismo,419.0,442.0,0.95
4445114986,2016-04-29,4676.0,314000010490417.0,0.0,0.0,313000011444092.0,0.0,0.0,0,226,1106,2196.0,Baja Actividad,Alto Sedentarismo,106.0,108.0,0.98
4445114986,2016-04-30,6222.0,417999982833862.0,0.0,0.0,417999982833862.0,0.0,0.0,0,290,797,2363.0,Baja Actividad,Alto Sedentarismo,322.0,353.0,0.91
4445114986,2016-01-05,5232.0,350999999046326.0,0.0,0.0,350999999046326.0,0.0,0.0,0,240,741,2246.0,Baja Actividad,Alto Sedentarismo,,,
4445114986,2016-02-05,6910.0,4.75,221000003814697.0,0.189999997615814,234999990463257.0,0.0,27.0,4,200,667,2336.0,Baja Actividad,Bajo Sedentarismo,,,
4445114986,2016-03-05,7502.0,517999982833862.0,248000001907349.0,0.109999999403954,257999992370605.0,0.0,30.0,2,233,725,2421.0,Baja Actividad,Alto Sedentarismo,,,
4445114986,2016-04-05,2923.0,196000003814697.0,0.0,0.0,196000003814697.0,0.0,0.0,0,180,897,2070.0,Baja Actividad,Alto Sedentarismo,,,
4445114986,2016-05-05,3800.0,254999995231628.0,0.119999997317791,0.239999994635582,21800000667572.0,0.0,2.0,6,185,734,2120.0,Baja Actividad,Alto Sedentarismo,462.0,513.0,0.9
4445114986,2016-06-05,4514.0,302999997138977.0,0.0,0.0,302999997138977.0,0.0,0.0,0,229,809,2211.0,Baja Actividad,Alto Sedentarismo,,,
4445114986,2016-07-05,5183.0,358999991416931.0,213000011444092.0,0.189999997615814,1.25,0.0,26.0,4,108,866,2123.0,Baja Actividad,Alto Sedentarismo,,,
4445114986,2016-08-05,7303.0,490000009536743.0,0.0,0.25,465000009536743.0,0.0,0.0,8,308,733,2423.0,Baja Actividad,Alto Sedentarismo,,,
4445114986,2016-09-05,5275.0,353999996185303.0,0.0,0.0,353999996185303.0,0.0,0.0,0,266,641,2281.0,Baja Actividad,Bajo Sedentarismo,,,
4445114986,2016-10-05,3915.0,263000011444092.0,0.0,0.0,263000011444092.0,0.0,0.0,0,231,783,2181.0,Baja Actividad,Alto Sedentarismo,,,
4445114986,2016-11-05,9105.0,61100001335144.0,2.25,1.0,285999989509583.0,0.0,34.0,22,232,622,2499.0,Baja Actividad,Bajo Sedentarismo,,,
4445114986,2016-12-05,768.0,0.519999980926514,0.0,0.0,0.519999980926514,0.0,0.0,0,58,380,1212.0,Baja Actividad,Bajo Sedentarismo,,,
4558609924,2016-12-04,5135.0,339000010490417.0,0.0,0.0,339000010490417.0,0.0,0.0,0,318,1122,1909.0,Baja Actividad,Alto Sedentarismo,,,
4558609924,2016-04-13,4978.0,328999996185303.0,124000000953674.0,0.439999997615814,161000001430511.0,0.0,19.0,7,127,1287,1722.0,Baja Actividad,Alto Sedentarismo,,,
4558609924,2016-04-14,6799.0,448999977111816.0,0.0,0.0,448999977111816.0,0.0,0.0,0,279,1161,1922.0,Baja Actividad,Alto Sedentarismo,,,
4558609924,2016-04-15,7795.0,515000009536743.0,0.589999973773956,0.839999973773956,373000001907349.0,0.0,17.0,30,262,1131,2121.0,Baja Actividad,Alto Sedentarismo,,,
4558609924,2016-04-16,7289.0,482000017166138.0,0.550000011920929,0.75,3.5,0.0,8.0,12,308,1112,1997.0,Baja Actividad,Alto Sedentarismo,,,
4558609924,2016-04-17,9634.0,640000009536743.0,0.550000011920929,113999998569489.0,471000003814697.0,0.0,7.0,19,304,1110,2117.0,Baja Actividad,Alto Sedentarismo,,,
4558609924,2016-04-18,8940.0,590999984741211.0,0.980000019073486,0.930000007152557,4.0,0.0,14.0,15,331,1080,2116.0,Baja Actividad,Alto Sedentarismo,,,
4558609924,2016-04-19,5401.0,35699999332428.0,0.0500000007450581,0.360000014305115,316000008583069.0,0.0,1.0,9,248,1182,1876.0,Baja Actividad,Alto Sedentarismo,,,
4558609924,2016-04-20,4803.0,317000007629395.0,0.0,0.0,317000007629395.0,0.0,0.0,0,222,1218,1788.0,Baja Actividad,Alto Sedentarismo,,,
4558609924,2016-04-21,13743.0,907999992370605.0,0.419999986886978,0.970000028610229,769999980926514.0,0.0,6.0,21,432,844,2486.0,Alta Actividad,Alto Sedentarismo,126.0,137.0,0.92
4558609924,2016-04-22,9601.0,634999990463257.0,137000000476837.0,1.5,347000002861023.0,0.0,20.0,25,273,1122,2094.0,Baja Actividad,Alto Sedentarismo,,,
4558609924,2016-04-23,6890.0,455000019073486.0,0.340000003576279,0.200000002980232,401000022888184.0,0.0,5.0,5,308,1122,2085.0,Baja Actividad,Alto Sedentarismo,,,
4558609924,2016-04-24,8563.0,565999984741211.0,0.0,0.0,565000009536743.0,0.0,0.0,0,395,1045,2173.0,Baja Actividad,Alto Sedentarismo,,,
4558609924,2016-04-25,8095.0,534999990463257.0,0.589999973773956,0.25,451000022888184.0,0.0,18.0,10,340,993,2225.0,Baja Actividad,Alto Sedentarismo,,,
4558609924,2016-04-26,9148.0,605000019073486.0,0.430000007152557,202999997138977.0,358999991416931.0,0.0,12.0,41,283,1062,2223.0,Baja Actividad,Alto Sedentarismo,103.0,121.0,0.85
4558609924,2016-04-27,9557.0,632000017166138.0,196000003814697.0,0.889999985694885,346000003814697.0,0.0,27.0,14,312,1087,2098.0,Baja Actividad,Alto Sedentarismo,,,
4558609924,2016-04-28,9451.0,6.25,0.0199999995529652,0.270000010728836,594999980926514.0,0.0,1.0,11,367,985,2185.0,Baja Actividad,Alto Sedentarismo,,,
4558609924,2016-04-29,7833.0,517999982833862.0,101999998092651.0,185000002384186.0,230999994277954.0,0.0,15.0,29,197,1096,1918.0,Baja Actividad,Alto Sedentarismo,171.0,179.0,0.96
4558609924,2016-04-30,10319.0,682000017166138.0,0.469999998807907,188999998569489.0,446000003814697.0,0.0,7.0,29,293,1111,2105.0,Alta Actividad,Alto Sedentarismo,,,
4558609924,2016-01-05,3428.0,226999998092651.0,0.0,0.0,226999998092651.0,0.0,0.0,0,190,1121,1692.0,Baja Actividad,Alto Sedentarismo,,,
4558609924,2016-02-05,7891.0,521999979019165.0,0.0,0.0,521999979019165.0,0.0,0.0,0,383,1057,2066.0,Baja Actividad,Alto Sedentarismo,,,
4558609924,2016-03-05,5267.0,348000001907349.0,0.600000023841858,0.280000001192093,259999990463257.0,0.0,21.0,10,237,1172,1953.0,Baja Actividad,Alto Sedentarismo,,,
4558609924,2016-04-05,5232.0,346000003814697.0,0.0,0.0,346000003814697.0,0.0,0.0,0,252,1188,1842.0,Baja Actividad,Alto Sedentarismo,,,
4558609924,2016-05-05,10611.0,701000022888184.0,100999999046326.0,0.5,551000022888184.0,0.0,14.0,8,370,1048,2262.0,Alta Actividad,Alto Sedentarismo,,,
4558609924,2016-06-05,3755.0,248000001907349.0,0.0,0.0,248000001907349.0,0.0,0.0,0,202,1238,1722.0,Baja Actividad,Alto Sedentarismo,,,
4558609924,2016-07-05,8237.0,544000005722046.0,161000001430511.0,1.0,282999992370605.0,0.0,23.0,16,233,1116,1973.0,Baja Actividad,Alto Sedentarismo,,,
4558609924,2016-08-05,6543.0,432999992370605.0,179999995231628.0,0.5,201999998092651.0,0.0,66.0,35,238,1019,2666.0,Baja Actividad,Alto Sedentarismo,,,
4558609924,2016-09-05,11451.0,757000017166138.0,0.430000007152557,162000000476837.0,551999998092651.0,0.0,6.0,30,339,1065,2223.0,Alta Actividad,Alto Sedentarismo,,,
4558609924,2016-10-05,6435.0,4.25,0.740000009536743,112000000476837.0,239000010490417.0,0.0,11.0,18,220,1191,1889.0,Baja Actividad,Alto Sedentarismo,,,
4558609924,2016-11-05,9108.0,601999998092651.0,0.259999990463257,182000005245209.0,394000005722046.0,0.0,4.0,31,324,1081,2131.0,Baja Actividad,Alto Sedentarismo,,,
4558609924,2016-12-05,6307.0,417000007629395.0,0.0,0.0,417000007629395.0,0.0,0.0,0,247,736,1452.0,Baja Actividad,Alto Sedentarismo,,,
4702921684,2016-12-04,7213.0,588000011444092.0,0.0,0.0,584999990463257.0,0.0,0.0,0,263,718,2947.0,Baja Actividad,Alto Sedentarismo,,,
4702921684,2016-04-13,6877.0,557999992370605.0,0.0,0.0,557999992370605.0,0.0,0.0,0,258,777,2898.0,Baja Actividad,Alto Sedentarismo,400.0,430.0,0.93
4702921684,2016-04-14,7860.0,636999988555908.0,0.0,0.0,636999988555908.0,0.0,0.0,0,271,772,2984.0,Baja Actividad,Alto Sedentarismo,384.0,415.0,0.93
4702921684,2016-04-15,6506.0,528000020980835.0,0.0700000002980232,0.419999986886978,478999996185303.0,0.0,1.0,8,256,944,2896.0,Baja Actividad,Alto Sedentarismo,253.0,257.0,0.98
4702921684,2016-04-16,11140.0,902999973297119.0,0.239999994635582,1.25,753999996185303.0,0.0,3.0,24,335,556,3328.0,Alta Actividad,Bajo Sedentarismo,382.0,406.0,0.94
4702921684,2016-04-17,12692.0,10289999961853.0,0.959999978542328,346000003814697.0,588000011444092.0,0.0,12.0,66,302,437,3394.0,Alta Actividad,Bajo Sedentarismo,591.0,612.0,0.97
4702921684,2016-04-18,9105.0,738000011444092.0,182000005245209.0,149000000953674.0,407000017166138.0,0.0,22.0,30,191,890,3013.0,Baja Actividad,Alto Sedentarismo,293.0,312.0,0.94
4702921684,2016-04-19,6708.0,544000005722046.0,0.879999995231628,0.370000004768372,419000005722046.0,0.0,10.0,8,179,757,2812.0,Baja Actividad,Alto Sedentarismo,457.0,487.0,0.94
4702921684,2016-04-20,8793.0,713000011444092.0,0.159999996423721,123000001907349.0,573000001907349.0,0.0,2.0,29,260,717,3061.0,Baja Actividad,Alto Sedentarismo,454.0,468.0,0.97
4702921684,2016-04-21,6530.0,530000019073486.0,0.310000002384186,204999995231628.0,294000005722046.0,0.0,4.0,41,144,901,2729.0,Baja Actividad,Alto Sedentarismo,425.0,434.0,0.98
4702921684,2016-04-22,1664.0,135000002384186.0,0.0,0.0,135000002384186.0,0.0,0.0,0,72,1341,2241.0,Baja Actividad,Alto Sedentarismo,,,
4702921684,2016-04-23,15126.0,122700004577637.0,0.759999990463257,324000000953674.0,827000045776367.0,0.0,9.0,66,408,469,3691.0,Alta Actividad,Bajo Sedentarismo,465.0,475.0,0.98
4702921684,2016-04-24,15050.0,122200002670288.0,120000004768372.0,511999988555908.0,588000011444092.0,0.0,15.0,95,281,542,3538.0,Alta Actividad,Bajo Sedentarismo,480.0,506.0,0.95
4702921684,2016-04-25,9167.0,742999982833862.0,0.490000009536743,0.819999992847443,61100001335144.0,0.0,6.0,15,270,730,3064.0,Baja Actividad,Alto Sedentarismo,370.0,380.0,0.97
4702921684,2016-04-26,6108.0,494999980926514.0,0.0700000002980232,0.349999994039536,453999996185303.0,0.0,1.0,8,216,765,2784.0,Baja Actividad,Alto Sedentarismo,421.0,429.0,0.98
4702921684,2016-04-27,7047.0,571999979019165.0,0.0900000035762787,0.800000011920929,478000020980835.0,0.0,1.0,16,238,733,2908.0,Baja Actividad,Alto Sedentarismo,432.0,449.0,0.96
4702921684,2016-04-28,9023.0,732000017166138.0,112999999523163.0,0.419999986886978,576999998092651.0,0.0,14.0,9,232,738,3033.0,Baja Actividad,Alto Sedentarismo,442.0,461.0,0.96
4702921684,2016-04-29,9930.0,805000019073486.0,105999994277954.0,0.920000016689301,607000017166138.0,0.0,12.0,19,267,692,3165.0,Baja Actividad,Bajo Sedentarismo,433.0,447.0,0.97
4702921684,2016-04-30,10144.0,822999954223633.0,0.319999992847443,202999997138977.0,588000011444092.0,0.0,4.0,36,263,728,3115.0,Alta Actividad,Alto Sedentarismo,479.0,501.0,0.96
4702921684,2016-02-05,7245.0,592000007629395.0,0.379999995231628,174000000953674.0,375999999046326.0,0.0,5.0,40,195,1131,2859.0,Baja Actividad,Alto Sedentarismo,,,
4702921684,2016-03-05,9454.0,767000007629395.0,0.0,0.0,767000007629395.0,0.0,0.0,0,313,729,3145.0,Baja Actividad,Alto Sedentarismo,,,
4702921684,2016-04-05,8161.0,661999988555908.0,0.340000003576279,0.730000019073486,553999996185303.0,0.0,4.0,15,251,757,3004.0,Baja Actividad,Alto Sedentarismo,,,
4702921684,2016-05-05,8614.0,698999977111816.0,0.670000016689301,0.219999998807907,609000015258789.0,0.0,8.0,5,241,745,3006.0,Baja Actividad,Alto Sedentarismo,414.0,428.0,0.97
4702921684,2016-06-05,6943.0,563000011444092.0,0.0799999982118607,0.660000026226044,486999988555908.0,0.0,1.0,16,207,682,2859.0,Baja Actividad,Bajo Sedentarismo,,,
4702921684,2016-07-05,14370.0,116499996185303.0,0.370000004768372,230999994277954.0,897000026702881.0,0.0,5.0,46,439,577,3683.0,Alta Actividad,Bajo Sedentarismo,,,
4702921684,2016-08-05,12857.0,104300003051758.0,0.680000007152557,621000003814697.0,353999996185303.0,0.0,9.0,125,192,1019,3287.0,Alta Actividad,Alto Sedentarismo,,,
4702921684,2016-09-05,8232.0,667999982833862.0,0.0,0.569999992847443,609999990463257.0,0.0,0.0,12,253,746,2990.0,Baja Actividad,Alto Sedentarismo,,,
4702921684,2016-10-05,10613.0,860999965667725.0,0.0799999982118607,187999999523163.0,665000009536743.0,0.0,1.0,37,262,701,3172.0,Alta Actividad,Alto Sedentarismo,,,
4702921684,2016-11-05,9810.0,796000003814697.0,0.779999971389771,216000008583069.0,498000001907349.0,0.0,10.0,41,235,784,3069.0,Baja Actividad,Alto Sedentarismo,,,
4702921684,2016-12-05,2752.0,223000001907349.0,0.0,0.0,223000001907349.0,0.0,0.0,0,68,241,1240.0,Baja Actividad,Bajo Sedentarismo,,,
5553957443,2016-12-04,11596.0,757000017166138.0,137000000476837.0,0.790000021457672,540999984741211.0,0.0,19.0,13,277,767,2026.0,Alta Actividad,Alto Sedentarismo,,,
5553957443,2016-04-13,4832.0,316000008583069.0,0.0,0.0,316000008583069.0,0.0,0.0,0,226,647,1718.0,Baja Actividad,Bajo Sedentarismo,455.0,488.0,0.93
5553957443,2016-04-14,17022.0,111199998855591.0,4.0,245000004768372.0,467000007629395.0,0.0,61.0,41,256,693,2324.0,Alta Actividad,Bajo Sedentarismo,357.0,418.0,0.85
5553957443,2016-04-15,16556.0,108599996566772.0,415999984741211.0,198000001907349.0,471000003814697.0,0.0,58.0,38,239,689,2254.0,Alta Actividad,Bajo Sedentarismo,377.0,409.0,0.92
5553957443,2016-04-16,5771.0,376999998092651.0,0.0,0.0,376999998092651.0,0.0,0.0,0,288,521,1831.0,Baja Actividad,Bajo Sedentarismo,651.0,686.0,0.95
5553957443,2016-04-17,655.0,0.430000007152557,0.0,0.0,0.430000007152557,0.0,0.0,0,46,943,1397.0,Baja Actividad,Alto Sedentarismo,350.0,402.0,0.87
5553957443,2016-04-18,3727.0,24300000667572.0,0.0,0.0,24300000667572.0,0.0,0.0,0,206,622,1683.0,Baja Actividad,Bajo Sedentarismo,520.0,541.0,0.96
5553957443,2016-04-19,15482.0,101099996566772.0,428000020980835.0,16599999666214.0,417999982833862.0,0.0,69.0,28,249,756,2284.0,Alta Actividad,Alto Sedentarismo,357.0,410.0,0.87
5553957443,2016-04-20,2713.0,176999998092651.0,0.0,0.0,176999998092651.0,0.0,0.0,0,148,598,1570.0,Baja Actividad,Bajo Sedentarismo,658.0,678.0,0.97
5553957443,2016-04-21,12346.0,80600004196167.0,295000004768372.0,216000008583069.0,296000003814697.0,0.0,47.0,42,177,801,2066.0,Alta Actividad,Alto Sedentarismo,399.0,431.0,0.93
5553957443,2016-04-22,11682.0,763000011444092.0,137999999523163.0,0.629999995231628,559999990463257.0,0.0,25.0,16,270,781,2105.0,Alta Actividad,Alto Sedentarismo,322.0,353.0,0.91
5553957443,2016-04-23,4112.0,269000005722046.0,0.0,0.0,26800000667572.0,0.0,0.0,0,272,443,1776.0,Baja Actividad,Bajo Sedentarismo,631.0,725.0,0.87
5553957443,2016-04-24,1807.0,117999994754791.0,0.0,0.0,117999994754791.0,0.0,0.0,0,104,582,1507.0,Baja Actividad,Bajo Sedentarismo,553.0,640.0,0.86
5553957443,2016-04-25,10946.0,719000005722046.0,29300000667572.0,0.569999992847443,369000005722046.0,0.0,51.0,11,201,732,2033.0,Alta Actividad,Alto Sedentarismo,433.0,468.0,0.93
5553957443,2016-04-26,11886.0,776000022888184.0,236999988555908.0,0.930000007152557,446000003814697.0,0.0,40.0,18,238,750,2093.0,Alta Actividad,Alto Sedentarismo,412.0,453.0,0.91
5553957443,2016-04-27,10538.0,688000011444092.0,113999998569489.0,1.0,473999977111816.0,0.0,16.0,16,206,745,1922.0,Alta Actividad,Alto Sedentarismo,347.0,391.0,0.89
5553957443,2016-04-28,11393.0,763000011444092.0,371000003814697.0,0.75,317000007629395.0,0.0,49.0,13,165,727,1999.0,Alta Actividad,Alto Sedentarismo,421.0,457.0,0.92
5553957443,2016-04-29,12764.0,832999992370605.0,278999996185303.0,0.639999985694885,490999984741211.0,0.0,46.0,15,270,709,2169.0,Alta Actividad,Alto Sedentarismo,450.0,495.0,0.91
5553957443,2016-04-30,1202.0,0.779999971389771,0.0,0.0,0.779999971389771,0.0,0.0,0,84,506,1463.0,Baja Actividad,Bajo Sedentarismo,775.0,843.0,0.92
5553957443,2016-01-05,5164.0,336999988555908.0,0.0,0.0,336999988555908.0,0.0,0.0,0,237,436,1747.0,Baja Actividad,Bajo Sedentarismo,,,
5553957443,2016-02-05,9769.0,638000011444092.0,105999994277954.0,0.409999996423721,490000009536743.0,0.0,23.0,9,227,724,1996.0,Baja Actividad,Alto Sedentarismo,,,
5553957443,2016-03-05,12848.0,839000034332275.0,1.5,120000004768372.0,567999982833862.0,0.0,26.0,29,247,812,2116.0,Alta Actividad,Alto Sedentarismo,,,
5553957443,2016-04-05,4249.0,276999998092651.0,0.0,0.0,276999998092651.0,0.0,0.0,0,224,651,1698.0,Baja Actividad,Bajo Sedentarismo,,,
5553957443,2016-05-05,14331.0,951000022888184.0,34300000667572.0,16599999666214.0,442999982833862.0,0.0,44.0,29,241,692,2156.0,Alta Actividad,Bajo Sedentarismo,419.0,464.0,0.9
5553957443,2016-06-05,9632.0,628999996185303.0,151999998092651.0,0.540000021457672,423000001907349.0,0.0,21.0,9,229,761,1916.0,Baja Actividad,Alto Sedentarismo,,,
5553957443,2016-07-05,1868.0,122000002861023.0,0.0,0.0,122000002861023.0,0.0,0.0,0,96,902,1494.0,Baja Actividad,Alto Sedentarismo,,,
5553957443,2016-08-05,6083.0,4.0,0.219999998807907,0.469999998807907,329999995231628.0,0.0,3.0,8,210,505,1762.0,Baja Actividad,Bajo Sedentarismo,,,
5553957443,2016-09-05,11611.0,757999992370605.0,213000011444092.0,0.889999985694885,455999994277954.0,0.0,59.0,22,251,667,2272.0,Alta Actividad,Bajo Sedentarismo,,,
5553957443,2016-10-05,16358.0,10710000038147.0,386999988555908.0,161000001430511.0,519999980926514.0,0.0,61.0,40,265,707,2335.0,Alta Actividad,Alto Sedentarismo,,,
5553957443,2016-11-05,4926.0,322000002861023.0,0.0,0.0,322000002861023.0,0.0,0.0,0,195,628,1693.0,Baja Actividad,Bajo Sedentarismo,,,
5553957443,2016-12-05,3121.0,203999996185303.0,0.579999983310699,0.400000005960464,105999994277954.0,0.0,8.0,6,48,222,741.0,Baja Actividad,Bajo Sedentarismo,,,
5577150313,2016-12-04,8135.0,607999992370605.0,359999990463257.0,0.379999995231628,209999990463257.0,0.0,86.0,16,140,728,3405.0,Baja Actividad,Alto Sedentarismo,,,
5577150313,2016-04-13,5077.0,378999996185303.0,0.319999992847443,0.219999998807907,3.25,0.0,15.0,11,144,776,2551.0,Baja Actividad,Alto Sedentarismo,432.0,458.0,0.94
5577150313,2016-04-14,8596.0,642000007629395.0,332999992370605.0,0.310000002384186,277999997138977.0,0.0,87.5,30,176,662,4022.0,Baja Actividad,Bajo Sedentarismo,477.0,497.0,0.96
5577150313,2016-04-15,12087.0,907999992370605.0,392000007629395.0,160000002384186.0,355999994277954.0,0.0,87.5,54,199,695,4005.0,Alta Actividad,Bajo Sedentarismo,392.0,413.0,0.95
5577150313,2016-04-16,14269.0,106599998474121.0,66399998664856.0,127999997138977.0,273000001907349.0,0.0,87.5,56,158,472,4274.0,Alta Actividad,Bajo Sedentarismo,406.0,445.0,0.91
5577150313,2016-04-17,12231.0,914000034332275.0,598000001907349.0,0.829999983310699,23199999332428.0,0.0,87.5,37,159,525,4295.625,Alta Actividad,Bajo Sedentarismo,549.0,583.0,0.94
5577150313,2016-04-18,9893.0,73899998664856.0,48600001335144.0,0.720000028610229,182000005245209.0,0.0,87.5,32,130,623,3625.0,Baja Actividad,Bajo Sedentarismo,527.0,553.0,0.95
5577150313,2016-04-19,12574.0,942000007629395.0,701999998092651.0,0.639999985694885,175999999046326.0,0.0,87.5,23,111,733,3501.0,Alta Actividad,Alto Sedentarismo,449.0,465.0,0.97
5577150313,2016-04-20,8330.0,621999979019165.0,411999988555908.0,0.340000003576279,175999999046326.0,0.0,87.0,16,113,773,3192.0,Baja Actividad,Alto Sedentarismo,447.0,480.0,0.93
5577150313,2016-04-21,10830.0,809000015258789.0,365000009536743.0,16599999666214.0,277999997138977.0,0.0,87.5,74,175,670,4018.0,Alta Actividad,Bajo Sedentarismo,414.0,437.0,0.95
5577150313,2016-04-22,9172.0,684999990463257.0,242000007629395.0,0.790000021457672,329999995231628.0,0.0,62.0,30,200,823,3329.0,Baja Actividad,Alto Sedentarismo,338.0,366.0,0.92
5577150313,2016-04-23,7638.0,571000003814697.0,121000003814697.0,0.360000014305115,41399998664856.0,0.0,24.0,24,223,627,3152.0,Baja Actividad,Bajo Sedentarismo,384.0,402.0,0.96
5577150313,2016-04-24,15764.0,117799997329712.0,765000009536743.0,215000009536743.0,198000001907349.0,0.0,87.5,65,141,425,4295.625,Alta Actividad,Bajo Sedentarismo,543.0,615.0,0.88
5577150313,2016-04-25,6393.0,478000020980835.0,135000002384186.0,0.670000016689301,275999999046326.0,0.0,61.0,38,214,743,3374.0,Baja Actividad,Alto Sedentarismo,421.0,461.0,0.91
5577150313,2016-04-26,5325.0,398000001907349.0,0.850000023841858,0.649999976158142,247000002861023.0,0.0,38.0,32,181,759,3088.0,Baja Actividad,Alto Sedentarismo,354.0,377.0,0.94
5577150313,2016-04-27,6805.0,51399998664856.0,180999994277954.0,0.400000005960464,29300000667572.0,0.0,63.0,16,190,773,3294.0,Baja Actividad,Alto Sedentarismo,424.0,452.0,0.94
5577150313,2016-04-28,9841.0,742999982833862.0,3.25,116999995708466.0,300999999046326.0,0.0,87.5,51,141,692,3580.0,Baja Actividad,Bajo Sedentarismo,361.0,372.0,0.97
5577150313,2016-04-29,7924.0,592000007629395.0,283999991416931.0,0.610000014305115,247000002861023.0,0.0,87.5,36,165,739,3544.0,Baja Actividad,Alto Sedentarismo,459.0,485.0,0.95
5577150313,2016-04-30,12363.0,923999977111816.0,582999992370605.0,0.790000021457672,260999989509583.0,0.0,87.5,45,163,621,4295.625,Alta Actividad,Bajo Sedentarismo,412.0,433.0,0.95
5577150313,2016-01-05,13368.0,998999977111816.0,530999994277954.0,144000005722046.0,324000000953674.0,0.0,87.5,72,178,499,4295.625,Alta Actividad,Bajo Sedentarismo,,,
5577150313,2016-02-05,7439.0,555999994277954.0,112000000476837.0,0.349999994039536,407000017166138.0,0.0,37.0,20,235,732,3014.0,Baja Actividad,Alto Sedentarismo,,,
5577150313,2016-03-05,11045.0,8.25,451999998092651.0,0.150000005960464,35699999332428.0,0.0,87.5,8,212,580,3795.0,Alta Actividad,Bajo Sedentarismo,,,
5577150313,2016-04-05,5206.0,389000010490417.0,155999994277954.0,0.25,207999992370605.0,0.0,25.0,9,141,631,2755.0,Baja Actividad,Bajo Sedentarismo,,,
5577150313,2016-05-05,7550.0,56399998664856.0,2.5,0.469999998807907,267000007629395.0,0.0,45.0,21,143,1153,3004.0,Baja Actividad,Alto Sedentarismo,74.0,78.0,0.95
5577150313,2016-06-05,4950.0,370000004768372.0,192999994754791.0,0.319999992847443,145000004768372.0,0.0,41.0,16,79,1304,2643.0,Baja Actividad,Alto Sedentarismo,,,
5577150313,2016-09-05,3421.0,255999994277954.0,142999994754791.0,0.140000000596046,0.990000009536743,0.0,34.0,11,70,1099,2489.0,Baja Actividad,Alto Sedentarismo,,,
5577150313,2016-10-05,8869.0,665000009536743.0,255999994277954.0,0.75,334999990463257.0,0.0,87.5,37,194,639,3841.0,Baja Actividad,Bajo Sedentarismo,,,
5577150313,2016-11-05,4038.0,303999996185303.0,183000004291534.0,0.300000011920929,0.889999985694885,0.0,45.0,15,63,257,1665.0,Baja Actividad,Bajo Sedentarismo,,,
6117666160,2016-04-15,14019.0,105900001525879.0,0.0,0.280000001192093,103000001907349.0,0.0,0.0,6,513,921,2865.0,Alta Actividad,Alto Sedentarismo,,,
6117666160,2016-04-16,14450.0,109099998474121.0,0.579999983310699,0.850000023841858,947999954223633.0,0.0,7.0,15,518,502,2828.0,Alta Actividad,Bajo Sedentarismo,380.0,398.0,0.95
6117666160,2016-04-17,7150.0,540000009536743.0,0.0,0.0,540000009536743.0,0.0,0.0,0,312,702,2225.0,Baja Actividad,Alto Sedentarismo,336.0,350.0,0.96
6117666160,2016-04-18,5153.0,391000008583069.0,0.0,0.0,389000010490417.0,0.0,0.0,0,241,759,2018.0,Baja Actividad,Alto Sedentarismo,493.0,510.0,0.97
6117666160,2016-04-19,11135.0,840999984741211.0,0.0,0.0,840999984741211.0,0.0,0.0,0,480,425,2606.0,Alta Actividad,Bajo Sedentarismo,465.0,492.0,0.95
6117666160,2016-04-20,10449.0,802000045776367.0,202999997138977.0,0.479999989271164,551999998092651.0,0.0,26.0,10,349,587,2536.0,Alta Actividad,Bajo Sedentarismo,474.0,502.0,0.94
6117666160,2016-04-21,19542.0,150100002288818.0,0.980000019073486,0.400000005960464,561999988555908.0,0.0,11.0,19,294,579,4295.625,Alta Actividad,Bajo Sedentarismo,508.0,550.0,0.92
6117666160,2016-04-22,8206.0,619999980926514.0,0.0,0.0,619999980926514.0,0.0,0.0,0,402,413,2409.0,Baja Actividad,Bajo Sedentarismo,480.0,546.0,0.88
6117666160,2016-04-23,11495.0,868000030517578.0,0.0,0.0,868000030517578.0,0.0,0.0,0,512,468,2651.0,Alta Actividad,Bajo Sedentarismo,492.0,539.0,0.91
6117666160,2016-04-24,7623.0,576000022888184.0,0.0,0.0,576000022888184.0,0.0,0.0,0,362,711,2305.0,Baja Actividad,Alto Sedentarismo,353.0,367.0,0.96
6117666160,2016-04-26,9543.0,721000003814697.0,0.0,0.340000003576279,686999988555908.0,0.0,0.0,7,352,1077,2450.0,Baja Actividad,Alto Sedentarismo,,,
6117666160,2016-04-27,9411.0,71100001335144.0,0.0,0.0,71100001335144.0,0.0,0.0,0,458,417,2576.0,Baja Actividad,Bajo Sedentarismo,542.0,557.0,0.97
6117666160,2016-04-28,3403.0,259999990463257.0,0.0,0.0,259999990463257.0,0.0,0.0,0,141,758,1879.0,Baja Actividad,Alto Sedentarismo,393.0,416.0,0.94
6117666160,2016-04-29,9592.0,723999977111816.0,0.0,0.0,723999977111816.0,0.0,0.0,0,461,479,2560.0,Baja Actividad,Bajo Sedentarismo,600.0,636.0,0.94
6117666160,2016-04-30,6987.0,528000020980835.0,0.0,0.0,528000020980835.0,0.0,0.0,0,343,1040,2275.0,Baja Actividad,Alto Sedentarismo,,,
6117666160,2016-01-05,8915.0,673000001907349.0,0.0,0.0,673000001907349.0,0.0,0.0,0,397,525,2361.0,Baja Actividad,Bajo Sedentarismo,,,
6117666160,2016-02-05,4933.0,373000001907349.0,0.0,0.0,373000001907349.0,0.0,0.0,0,236,1204,2044.0,Baja Actividad,Alto Sedentarismo,,,
6117666160,2016-04-05,2997.0,225999999046326.0,0.0,0.0,225999999046326.0,0.0,0.0,0,156,1279,1902.0,Baja Actividad,Alto Sedentarismo,,,
6117666160,2016-05-05,9799.0,740000009536743.0,0.0,0.0,740000009536743.0,0.0,0.0,0,487,479,2636.0,Baja Actividad,Bajo Sedentarismo,392.0,415.0,0.94
6117666160,2016-06-05,3365.0,26800000667572.0,0.0,0.0,26800000667572.0,0.0,0.0,0,133,673,1838.0,Baja Actividad,Bajo Sedentarismo,,,
6117666160,2016-07-05,7336.0,553999996185303.0,0.0,0.0,553999996185303.0,0.0,0.0,0,412,456,2469.0,Baja Actividad,Bajo Sedentarismo,,,
6117666160,2016-08-05,7328.0,553000020980835.0,0.0,0.0,553000020980835.0,0.0,0.0,0,318,517,2250.0,Baja Actividad,Bajo Sedentarismo,,,
6117666160,2016-09-05,4477.0,338000011444092.0,0.0,0.0,338000011444092.0,0.0,0.0,0,197,125,1248.0,Baja Actividad,Bajo Sedentarismo,,,
6290855005,2016-12-04,4562.0,345000004768372.0,0.0,0.0,345000004768372.0,0.0,0.0,0,199,1241,2560.0,Baja Actividad,Alto Sedentarismo,,,
6290855005,2016-04-13,7142.0,540000009536743.0,0.0,0.0,53899998664856.0,0.0099999997764825,0.0,0,350,1090,2905.0,Baja Actividad,Alto Sedentarismo,,,
6290855005,2016-04-14,7671.0,580000019073486.0,0.0,0.0,576999998092651.0,0.0299999993294477,0.0,0,363,1077,2952.0,Baja Actividad,Alto Sedentarismo,,,
6290855005,2016-04-15,9501.0,717999982833862.0,0.0,0.0,717000007629395.0,0.0099999997764825,0.0,0,328,1112,2896.0,Baja Actividad,Alto Sedentarismo,,,
6290855005,2016-04-16,8301.0,628000020980835.0,0.0,0.0,626999998092651.0,0.0099999997764825,0.0,0,258,1182,2783.0,Baja Actividad,Alto Sedentarismo,,,
6290855005,2016-04-17,7851.0,594000005722046.0,113999998569489.0,0.790000021457672,4.0,0.0,31.0,12,225,1172,3171.0,Baja Actividad,Alto Sedentarismo,,,
6290855005,2016-04-18,6885.0,521000003814697.0,0.0,0.0,519000005722046.0,0.0199999995529652,0.0,0,271,1169,2766.0,Baja Actividad,Alto Sedentarismo,,,
6290855005,2016-04-19,7142.0,540000009536743.0,0.0,0.0,53899998664856.0,0.0099999997764825,0.0,0,321,1119,2839.0,Baja Actividad,Alto Sedentarismo,,,
6290855005,2016-04-20,6361.0,480999994277954.0,0.0,0.0,480000019073486.0,0.0099999997764825,0.0,0,258,1182,2701.0,Baja Actividad,Alto Sedentarismo,,,
6290855005,2016-04-22,6238.0,471999979019165.0,0.0,0.0,471999979019165.0,0.0,0.0,0,302,1138,2796.0,Baja Actividad,Alto Sedentarismo,,,
6290855005,2016-04-23,0.0,0.0,0.0,0.0,0.0,0.0,33.0,0,0,1407,2664.0,Baja Actividad,Alto Sedentarismo,,,
6290855005,2016-04-24,5896.0,446000003814697.0,0.0,0.0,446000003814697.0,0.0,0.0,0,258,1182,2703.0,Baja Actividad,Alto Sedentarismo,,,
6290855005,2016-04-25,7802.0,590000009536743.0,0.680000007152557,0.180000007152557,503000020980835.0,0.0099999997764825,8.0,3,249,1180,2771.0,Baja Actividad,Alto Sedentarismo,,,
6290855005,2016-04-27,5565.0,421000003814697.0,0.0,0.0,417999982833862.0,0.0299999993294477,0.0,0,287,1153,2743.0,Baja Actividad,Alto Sedentarismo,,,
6290855005,2016-04-28,5731.0,432999992370605.0,0.0,0.0,432999992370605.0,0.0,0.0,0,255,1185,2687.0,Baja Actividad,Alto Sedentarismo,,,
6290855005,2016-04-30,6744.0,509999990463257.0,0.0,0.0,509000015258789.0,0.0099999997764825,0.0,0,324,1116,2843.0,Baja Actividad,Alto Sedentarismo,,,
6290855005,2016-01-05,9837.0,744000005722046.0,0.660000026226044,2.75,4.0,0.0199999995529652,8.0,95,282,1055,3327.0,Baja Actividad,Alto Sedentarismo,,,
6290855005,2016-02-05,6781.0,513000011444092.0,0.0,0.0,51100001335144.0,0.0199999995529652,0.0,0,268,1172,2725.0,Baja Actividad,Alto Sedentarismo,,,
6290855005,2016-03-05,6047.0,457000017166138.0,0.0,0.0,457000017166138.0,0.0,0.0,0,240,1200,2671.0,Baja Actividad,Alto Sedentarismo,,,
6290855005,2016-04-05,5832.0,440999984741211.0,0.0,0.0,440000009536743.0,0.0099999997764825,0.0,0,272,1168,2718.0,Baja Actividad,Alto Sedentarismo,,,
6290855005,2016-05-05,6339.0,478999996185303.0,0.0,0.0,478999996185303.0,0.0,0.0,0,239,1201,2682.0,Baja Actividad,Alto Sedentarismo,,,
6290855005,2016-06-05,6116.0,461999988555908.0,0.0,0.0,459000015258789.0,0.0299999993294477,0.0,0,305,1135,2806.0,Baja Actividad,Alto Sedentarismo,,,
6290855005,2016-07-05,5510.0,417000007629395.0,0.0,0.0,415999984741211.0,0.0,0.0,0,227,1213,2613.0,Baja Actividad,Alto Sedentarismo,,,
6290855005,2016-08-05,7706.0,582999992370605.0,0.0,0.0,582000017166138.0,0.0,0.0,0,251,1189,2712.0,Baja Actividad,Alto Sedentarismo,,,
6290855005,2016-09-05,6277.0,4.75,0.0,0.0,473000001907349.0,0.0199999995529652,0.0,0,264,800,2175.0,Baja Actividad,Alto Sedentarismo,,,
6775888955,2016-04-13,4053.0,291000008583069.0,111000001430511.0,0.579999983310699,122000002861023.0,0.0,17.0,18,85,1053,2400.0,Baja Actividad,Alto Sedentarismo,235.0,260.0,0.9
6775888955,2016-04-14,5162.0,370000004768372.0,0.870000004768372,0.860000014305115,197000002861023.0,0.0,14.0,24,105,863,2507.0,Baja Actividad,Alto Sedentarismo,423.0,441.0,0.96
6775888955,2016-04-15,1282.0,0.920000016689301,0.0,0.0,0.920000016689301,0.0,0.0,0,58,976,2127.0,Baja Actividad,Alto Sedentarismo,391.0,406.0,0.96
6775888955,2016-04-16,4732.0,339000010490417.0,251999998092651.0,0.810000002384186,0.0599999986588955,0.0,36.0,18,9,1377,2225.0,Baja Actividad,Alto Sedentarismo,,,
6775888955,2016-04-17,2497.0,178999996185303.0,0.349999994039536,112999999523163.0,0.310000002384186,0.0,5.0,24,19,1392,2067.0,Baja Actividad,Alto Sedentarismo,,,
6775888955,2016-04-18,8294.0,594999980926514.0,2.0,0.769999980926514,317000007629395.0,0.0,30.0,31,146,1233,2798.0,Baja Actividad,Alto Sedentarismo,,,
6775888955,2016-04-20,10771.0,771999979019165.0,376999998092651.0,174000000953674.0,222000002861023.0,0.0,70.0,113,178,1079,3727.0,Alta Actividad,Alto Sedentarismo,,,
6775888955,2016-04-22,637.0,0.46000000834465,0.0,0.0,0.46000000834465,0.0,0.0,0,20,1420,1922.0,Baja Actividad,Alto Sedentarismo,,,
6775888955,2016-04-24,2153.0,153999996185303.0,0.769999980926514,0.620000004768372,0.150000005960464,0.0,11.0,18,11,1400,2053.0,Baja Actividad,Alto Sedentarismo,,,
6775888955,2016-04-25,6474.0,46399998664856.0,226999998092651.0,0.46000000834465,189999997615814.0,0.0,33.0,13,92,1302,2484.0,Baja Actividad,Alto Sedentarismo,,,
6775888955,2016-04-26,7091.0,526999998092651.0,348000001907349.0,0.870000004768372,0.730000019073486,0.0,42.0,30,47,1321,2584.0,Baja Actividad,Alto Sedentarismo,,,
6775888955,2016-04-28,703.0,0.5,0.0599999986588955,0.200000002980232,0.239999994635582,0.0,2.0,13,15,1410,1993.0,Baja Actividad,Alto Sedentarismo,,,
6775888955,2016-04-30,2503.0,178999996185303.0,0.159999996423721,0.159999996423721,148000001907349.0,0.0,3.0,9,84,1344,2280.0,Baja Actividad,Alto Sedentarismo,,,
6775888955,2016-01-05,2487.0,177999997138977.0,0.479999989271164,0.620000004768372,0.680000007152557,0.0,9.0,34,50,1347,2319.0,Baja Actividad,Alto Sedentarismo,,,
6775888955,2016-03-05,9.0,0.0099999997764825,0.0,0.0,0.0099999997764825,0.0,0.0,0,1,1439,1843.0,Baja Actividad,Alto Sedentarismo,,,
6775888955,2016-06-05,4697.0,336999988555908.0,0.469999998807907,0.930000007152557,192999994754791.0,0.0,12.0,35,75,1318,2496.0,Baja Actividad,Alto Sedentarismo,,,
6775888955,2016-07-05,1967.0,14099999666214.0,0.129999995231628,0.239999994635582,104999995231628.0,0.0,2.0,5,49,551,1032.0,Baja Actividad,Bajo Sedentarismo,,,
6962181067,2016-12-04,10199.0,673999977111816.0,340000009536743.0,0.829999983310699,250999999046326.0,0.0,50.0,14,189,796,1994.0,Alta Actividad,Alto Sedentarismo,,,
6962181067,2016-04-13,5652.0,374000000953674.0,0.569999992847443,121000003814697.0,196000003814697.0,0.0,8.0,24,142,548,1718.0,Baja Actividad,Bajo Sedentarismo,630.0,679.0,0.93
6962181067,2016-04-14,1551.0,102999997138977.0,0.0,0.0,102999997138977.0,0.0,0.0,0,86,862,1466.0,Baja Actividad,Alto Sedentarismo,508.0,535.0,0.95
6962181067,2016-04-15,5563.0,36800000667572.0,0.0,0.0,36800000667572.0,0.0,0.0,0,217,837,1756.0,Baja Actividad,Alto Sedentarismo,370.0,386.0,0.96
6962181067,2016-04-16,13217.0,873999977111816.0,366000008583069.0,0.189999997615814,488000011444092.0,0.0,50.0,3,280,741,2173.0,Alta Actividad,Alto Sedentarismo,357.0,366.0,0.98
6962181067,2016-04-17,10145.0,671000003814697.0,0.330000013113022,0.680000007152557,569000005722046.0,0.0,5.0,13,295,634,2027.0,Alta Actividad,Bajo Sedentarismo,427.0,446.0,0.96
6962181067,2016-04-18,11404.0,753999996185303.0,0.829999983310699,239000010490417.0,432000017166138.0,0.0,13.0,42,238,689,2039.0,Alta Actividad,Bajo Sedentarismo,442.0,458.0,0.97
6962181067,2016-04-19,10742.0,709999990463257.0,209999990463257.0,213000011444092.0,286999988555908.0,0.0,35.0,41,195,659,2046.0,Alta Actividad,Bajo Sedentarismo,476.0,535.0,0.89
6962181067,2016-04-20,13928.0,955000019073486.0,428000020980835.0,0.189999997615814,509000015258789.0,0.0,48.0,4,297,639,2174.0,Alta Actividad,Bajo Sedentarismo,418.0,424.0,0.99
6962181067,2016-04-21,11835.0,971000003814697.0,399000000953674.0,209999990463257.0,350999999046326.0,0.109999999403954,53.0,27,214,708,2179.0,Alta Actividad,Alto Sedentarismo,451.0,457.0,0.99
6962181067,2016-04-22,10725.0,709000015258789.0,176999998092651.0,154999995231628.0,376999998092651.0,0.0,30.0,33,240,659,2086.0,Alta Actividad,Bajo Sedentarismo,425.0,435.0,0.98
6962181067,2016-04-23,20031.0,132399997711182.0,419999980926514.0,2.0,703999996185303.0,0.0,58.0,41,347,484,2571.0,Alta Actividad,Bajo Sedentarismo,528.0,546.0,0.97
6962181067,2016-04-24,5029.0,33199999332428.0,0.0,0.0,33199999332428.0,0.0,0.0,0,199,720,1705.0,Baja Actividad,Alto Sedentarismo,511.0,514.0,0.99
6962181067,2016-04-25,13239.0,927000045776367.0,301999998092651.0,167999994754791.0,446000003814697.0,0.100000001490116,35.0,31,282,637,2194.0,Alta Actividad,Bajo Sedentarismo,400.0,415.0,0.96
6962181067,2016-04-26,10433.0,690000009536743.0,257999992370605.0,0.419999986886978,390000009536743.0,0.0,36.0,7,254,680,2012.0,Alta Actividad,Bajo Sedentarismo,441.0,446.0,0.99
6962181067,2016-04-27,10320.0,682000017166138.0,0.550000011920929,201999998092651.0,4.25,0.0,7.0,38,279,697,2034.0,Alta Actividad,Bajo Sedentarismo,455.0,467.0,0.97
6962181067,2016-04-28,12627.0,835000038146973.0,250999999046326.0,0.239999994635582,559000015258789.0,0.0,38.0,8,288,621,2182.0,Alta Actividad,Bajo Sedentarismo,440.0,453.0,0.97
6962181067,2016-04-29,10762.0,71100001335144.0,0.819999992847443,0.479999989271164,580999994277954.0,0.0,12.0,15,369,645,2254.0,Alta Actividad,Bajo Sedentarismo,433.0,447.0,0.97
6962181067,2016-04-30,10081.0,665999984741211.0,224000000953674.0,0.759999990463257,367000007629395.0,0.0,32.0,16,237,731,2002.0,Alta Actividad,Alto Sedentarismo,422.0,424.0,1.0
6962181067,2016-01-05,5454.0,360999989509583.0,0.0,0.0,360999989509583.0,0.0,0.0,0,215,722,1740.0,Baja Actividad,Alto Sedentarismo,,,
6962181067,2016-02-05,12912.0,853999996185303.0,120000004768372.0,2.0,534000015258789.0,0.0,18.0,39,313,655,2162.0,Alta Actividad,Bajo Sedentarismo,,,
6962181067,2016-03-05,12109.0,811999988555908.0,174000000953674.0,203999996185303.0,432999992370605.0,0.0,21.0,36,267,654,2072.0,Alta Actividad,Bajo Sedentarismo,,,
6962181067,2016-04-05,10147.0,671000003814697.0,0.469999998807907,167999994754791.0,455000019073486.0,0.0,15.0,36,284,683,2086.0,Alta Actividad,Bajo Sedentarismo,,,
6962181067,2016-05-05,10524.0,696000003814697.0,0.990000009536743,11599999666214.0,480999994277954.0,0.0,14.0,22,305,591,2066.0,Alta Actividad,Bajo Sedentarismo,467.0,491.0,0.95
6962181067,2016-06-05,5908.0,391000008583069.0,0.0,0.0,391000008583069.0,0.0,0.0,0,299,717,1850.0,Baja Actividad,Alto Sedentarismo,,,
6962181067,2016-07-05,6815.0,4.5,0.0,0.0,4.5,0.0,0.0,0,328,745,1947.0,Baja Actividad,Alto Sedentarismo,,,
6962181067,2016-08-05,4188.0,276999998092651.0,0.0,0.519999980926514,2.25,0.0,0.0,14,151,709,1659.0,Baja Actividad,Alto Sedentarismo,,,
6962181067,2016-09-05,12342.0,872000026702881.0,390000009536743.0,117999994754791.0,365000009536743.0,0.0,43.0,21,231,607,2105.0,Alta Actividad,Bajo Sedentarismo,,,
6962181067,2016-10-05,15448.0,10210000038147.0,347000002861023.0,1.75,498999977111816.0,0.0,62.0,34,275,626,2361.0,Alta Actividad,Bajo Sedentarismo,,,
6962181067,2016-11-05,6722.0,444000005722046.0,149000000953674.0,0.310000002384186,265000009536743.0,0.0,24.0,7,199,709,1855.0,Baja Actividad,Alto Sedentarismo,,,
6962181067,2016-12-05,3587.0,236999988555908.0,0.0,0.25,210999989509583.0,0.0,0.0,8,105,127,928.0,Baja Actividad,Bajo Sedentarismo,,,
7007744171,2016-12-04,14172.0,10289999961853.0,4.5,0.379999995231628,540999984741211.0,0.0,53.0,8,355,1024,2937.0,Alta Actividad,Alto Sedentarismo,,,
7007744171,2016-04-13,12862.0,964999961853027.0,46100001335144.0,0.560000002384186,448000001907349.0,0.0,56.0,22,261,1101,2742.0,Alta Actividad,Alto Sedentarismo,,,
7007744171,2016-04-14,11179.0,823999977111816.0,295000004768372.0,0.340000003576279,496000003814697.0,0.0,34.0,6,304,1096,2668.0,Alta Actividad,Alto Sedentarismo,,,
7007744171,2016-04-15,5273.0,352999997138977.0,0.0,0.0,352999997138977.0,0.0,0.0,0,202,1238,2098.0,Baja Actividad,Alto Sedentarismo,,,
7007744171,2016-04-16,4631.0,309999990463257.0,0.0,0.0,309999990463257.0,0.0,0.0,0,203,1155,2076.0,Baja Actividad,Alto Sedentarismo,79.0,82.0,0.96
7007744171,2016-04-17,8059.0,53899998664856.0,0.0,0.0,53899998664856.0,0.0,0.0,0,305,1135,2383.0,Baja Actividad,Alto Sedentarismo,,,
7007744171,2016-04-18,14816.0,109799995422363.0,378999996185303.0,211999988555908.0,505000019073486.0,0.0199999995529652,48.0,31,284,1077,2832.0,Alta Actividad,Alto Sedentarismo,,,
7007744171,2016-04-19,14194.0,104799995422363.0,440999984741211.0,0.759999990463257,530999994277954.0,0.0,53.0,17,304,1066,2812.0,Alta Actividad,Alto Sedentarismo,,,
7007744171,2016-04-20,15566.0,113100004196167.0,478999996185303.0,0.670000016689301,58600001335144.0,0.0,60.0,33,347,1000,3096.0,Alta Actividad,Alto Sedentarismo,,,
7007744171,2016-04-21,13744.0,91899995803833.0,215000009536743.0,187000000476837.0,517000007629395.0,0.0,30.0,34,327,1049,2763.0,Alta Actividad,Alto Sedentarismo,,,
7007744171,2016-04-22,15299.0,102399997711182.0,409999990463257.0,175999999046326.0,436999988555908.0,0.0,64.0,50,261,1065,2889.0,Alta Actividad,Alto Sedentarismo,,,
7007744171,2016-04-23,8093.0,540999984741211.0,0.129999995231628,112999999523163.0,415000009536743.0,0.0,2.0,25,223,1190,2284.0,Baja Actividad,Alto Sedentarismo,,,
7007744171,2016-04-24,11085.0,742000007629395.0,0.0,0.0,742000007629395.0,0.0,0.0,0,419,1021,2667.0,Alta Actividad,Alto Sedentarismo,,,
7007744171,2016-04-25,18229.0,133400001525879.0,430999994277954.0,137000000476837.0,767000007629395.0,0.0,51.0,24,379,986,3055.0,Alta Actividad,Alto Sedentarismo,,,
7007744171,2016-04-26,15090.0,101000003814697.0,0.930000007152557,0.939999997615814,822999954223633.0,0.0,16.0,22,424,978,2939.0,Alta Actividad,Alto Sedentarismo,,,
7007744171,2016-04-27,13541.0,102200002670288.0,426999998092651.0,0.660000026226044,528999996185303.0,0.0,50.0,12,337,1041,2830.0,Alta Actividad,Alto Sedentarismo,,,
7007744171,2016-04-28,15128.0,101199998855591.0,10900000333786.0,0.769999980926514,826000022888184.0,0.0,16.0,16,401,1007,2836.0,Alta Actividad,Alto Sedentarismo,,,
7007744171,2016-04-29,20067.0,143000001907349.0,430999994277954.0,204999995231628.0,794999980926514.0,0.0,55.0,42,382,961,3180.0,Alta Actividad,Alto Sedentarismo,,,
7007744171,2016-04-30,3761.0,251999998092651.0,0.0,0.0,251999998092651.0,0.0,0.0,0,200,1240,2051.0,Baja Actividad,Alto Sedentarismo,,,
7007744171,2016-01-05,5600.0,3.75,0.0,0.0,3.75,0.0,0.0,0,237,1142,2225.0,Baja Actividad,Alto Sedentarismo,,,
7007744171,2016-02-05,13041.0,918000030517578.0,46399998664856.0,0.699999988079071,382999992370605.0,0.0,64.0,14,250,1112,2642.0,Alta Actividad,Alto Sedentarismo,,,
7007744171,2016-03-05,14510.0,108699998855591.0,448000001907349.0,101999998092651.0,53600001335144.0,0.0,58.0,31,330,1021,2976.0,Alta Actividad,Alto Sedentarismo,,,
7007744171,2016-05-05,15010.0,111000003814697.0,432999992370605.0,128999996185303.0,548000001907349.0,0.0,53.0,23,317,1047,2933.0,Alta Actividad,Alto Sedentarismo,,,
7007744171,2016-06-05,11459.0,767000007629395.0,3.0,0.810000002384186,385999989509583.0,0.0,44.0,13,247,1136,2553.0,Alta Actividad,Alto Sedentarismo,,,
7007744171,2016-07-05,0.0,0.0,0.0,0.0,0.0,0.0,0.0,0,0,111,388.625,Baja Actividad,Bajo Sedentarismo,,,
7086361926,2016-12-04,11317.0,840999984741211.0,526999998092651.0,0.150000005960464,297000002861023.0,0.0,59.0,6,153,745,2772.0,Alta Actividad,Alto Sedentarismo,,,
7086361926,2016-04-13,5813.0,361999988555908.0,0.560000002384186,0.209999993443489,283999991416931.0,0.0,31.0,26,155,744,2516.0,Baja Actividad,Alto Sedentarismo,451.0,465.0,0.97
7086361926,2016-04-14,9123.0,611999988555908.0,202999997138977.0,0.330000013113022,366000008583069.0,0.0,35.0,32,189,787,2734.0,Baja Actividad,Alto Sedentarismo,472.0,476.0,0.99
7086361926,2016-04-15,8585.0,567000007629395.0,203999996185303.0,111000001430511.0,252999997138977.0,0.0,30.0,21,139,864,2395.0,Baja Actividad,Alto Sedentarismo,377.0,386.0,0.98
7086361926,2016-04-16,31.0,0.0099999997764825,0.0,0.0,0.0099999997764825,0.0,0.0,0,3,1437,1635.0,Baja Actividad,Alto Sedentarismo,,,
7086361926,2016-04-18,9827.0,671000003814697.0,317000007629395.0,122000002861023.0,230999994277954.0,0.0,61.0,51,114,1136,2743.0,Baja Actividad,Alto Sedentarismo,,,
7086361926,2016-04-19,10688.0,728999996185303.0,352999997138977.0,123000001907349.0,250999999046326.0,0.0,67.0,69,124,671,2944.0,Alta Actividad,Bajo Sedentarismo,472.0,483.0,0.98
7086361926,2016-04-20,14365.0,106400003433228.0,76399998664856.0,0.449999988079071,253999996185303.0,0.0,87.0,13,145,797,2997.0,Alta Actividad,Alto Sedentarismo,492.0,502.0,0.98
7086361926,2016-04-21,9469.0,617999982833862.0,136000001430511.0,0.300000011920929,451000022888184.0,0.0,19.0,6,206,758,2463.0,Baja Actividad,Alto Sedentarismo,390.0,411.0,0.95
7086361926,2016-04-22,9753.0,653000020980835.0,286999988555908.0,0.970000028610229,267000007629395.0,0.0,58.0,59,153,762,2846.0,Baja Actividad,Alto Sedentarismo,428.0,448.0,0.96
7086361926,2016-04-23,2817.0,180999994277954.0,0.0,0.0,179999995231628.0,0.0,0.0,0,90,1350,1965.0,Baja Actividad,Alto Sedentarismo,,,
7086361926,2016-04-24,3520.0,216000008583069.0,0.0,0.0,215000009536743.0,0.0,0.0,0,125,566,2049.0,Baja Actividad,Bajo Sedentarismo,681.0,704.0,0.97
7086361926,2016-04-25,10091.0,682000017166138.0,3.75,0.699999988079071,236999988555908.0,0.0,69.0,39,129,706,2752.0,Alta Actividad,Alto Sedentarismo,446.0,447.0,1.0
7086361926,2016-04-26,10387.0,707000017166138.0,415999984741211.0,0.769999980926514,211999988555908.0,0.0,70.0,33,132,726,2781.0,Alta Actividad,Alto Sedentarismo,485.0,500.0,0.97
7086361926,2016-04-27,11107.0,834000015258789.0,563000011444092.0,0.180000007152557,252999997138977.0,0.0,55.0,6,145,829,2693.0,Alta Actividad,Alto Sedentarismo,469.0,479.0,0.98
7086361926,2016-04-28,11584.0,780000019073486.0,278999996185303.0,163999998569489.0,335999989509583.0,0.0,54.0,48,161,810,2862.0,Alta Actividad,Alto Sedentarismo,354.0,367.0,0.96
7086361926,2016-04-29,7881.0,494999980926514.0,0.490000009536743,0.449999988079071,4.0,0.0,24.0,36,182,1198,2616.0,Baja Actividad,Alto Sedentarismo,,,
7086361926,2016-04-30,14560.0,940999984741211.0,311999988555908.0,103999996185303.0,523999977111816.0,0.0,42.0,17,308,584,2995.0,Alta Actividad,Bajo Sedentarismo,485.0,489.0,0.99
7086361926,2016-01-05,12390.0,806999969482422.0,229999995231628.0,0.899999976158142,484999990463257.0,0.0,30.0,15,258,685,2730.0,Alta Actividad,Bajo Sedentarismo,,,
7086361926,2016-02-05,10052.0,680999994277954.0,348000001907349.0,0.660000026226044,266000008583069.0,0.0,66.0,26,139,737,2754.0,Alta Actividad,Alto Sedentarismo,,,
7086361926,2016-03-05,10288.0,676000022888184.0,274000000953674.0,0.850000023841858,316000008583069.0,0.0,57.0,36,152,761,2754.0,Alta Actividad,Alto Sedentarismo,,,
7086361926,2016-04-05,10988.0,83100004196167.0,528000020980835.0,0.119999997317791,290000009536743.0,0.0,45.0,12,135,843,2655.0,Alta Actividad,Alto Sedentarismo,,,
7086361926,2016-05-05,8564.0,559999990463257.0,177999997138977.0,0.829999983310699,295000004768372.0,0.0,24.0,14,149,1253,2386.0,Baja Actividad,Alto Sedentarismo,,,
7086361926,2016-06-05,12461.0,838000011444092.0,38199999332428.0,142999994754791.0,311999988555908.0,0.0,84.0,35,154,834,2924.0,Alta Actividad,Alto Sedentarismo,,,
7086361926,2016-07-05,12827.0,847999954223633.0,146000003814697.0,232999992370605.0,467999982833862.0,0.0,20.0,42,209,621,2739.0,Alta Actividad,Bajo Sedentarismo,,,
7086361926,2016-08-05,10677.0,709999990463257.0,230999994277954.0,152999997138977.0,3.25,0.0,32.0,27,147,695,2534.0,Alta Actividad,Bajo Sedentarismo,,,
7086361926,2016-09-05,13566.0,910999965667725.0,426000022888184.0,171000003814697.0,311999988555908.0,0.0,67.0,50,171,743,2960.0,Alta Actividad,Alto Sedentarismo,,,
7086361926,2016-10-05,14433.0,10789999961853.0,71100001335144.0,120000004768372.0,245000004768372.0,0.0,72.0,23,106,1182,2800.0,Alta Actividad,Alto Sedentarismo,,,
7086361926,2016-11-05,9572.0,651999998092651.0,289000010490417.0,138999998569489.0,223000001907349.0,0.0,57.0,40,128,757,2735.0,Baja Actividad,Alto Sedentarismo,,,
7086361926,2016-12-05,3789.0,255999994277954.0,0.379999995231628,0.270000010728836,188999998569489.0,0.0,5.0,4,58,343,1199.0,Baja Actividad,Bajo Sedentarismo,,,
8053475328,2016-12-04,18060.0,141199998855591.0,116400003433228.0,0.389999985694885,209999990463257.0,0.0,87.5,8,123,1193,3186.0,Alta Actividad,Alto Sedentarismo,,,
8053475328,2016-04-13,16433.0,133500003814697.0,104300003051758.0,0.469999998807907,245000004768372.0,0.0,87.5,12,156,1177,3140.0,Alta Actividad,Alto Sedentarismo,,,
8053475328,2016-04-14,20159.0,159700002670288.0,123400001525879.0,0.209999993443489,335999989509583.0,0.0,87.5,5,193,1123,3411.0,Alta Actividad,Alto Sedentarismo,,,
8053475328,2016-04-15,20400.375,162399997711182.0,132600002288818.0,0.389999985694885,258999991416931.0,0.0,87.5,8,158,1142,3410.0,Alta Actividad,Alto Sedentarismo,,,
8053475328,2016-04-16,14549.0,111099996566772.0,935999965667725.0,0.270000010728836,149000000953674.0,0.0,87.5,6,83,1255,2867.0,Alta Actividad,Alto Sedentarismo,,,
8053475328,2016-04-17,18827.0,136899995803833.0,923999977111816.0,0.800000011920929,364000010490417.0,0.0,87.5,21,195,1113,3213.0,Alta Actividad,Alto Sedentarismo,,,
8053475328,2016-04-18,17076.0,126599998474121.0,907999992370605.0,0.230000004172325,334999990463257.0,0.0,87.5,6,195,1137,3133.0,Alta Actividad,Alto Sedentarismo,,,
8053475328,2016-04-19,15929.0,124799995422363.0,922000026702881.0,0.310000002384186,295000004768372.0,0.0,87.5,7,191,1152,3114.0,Alta Actividad,Alto Sedentarismo,,,
8053475328,2016-04-20,15108.0,121899995803833.0,957999992370605.0,0.230000004172325,238000011444092.0,0.0,87.5,5,158,695,3043.0,Alta Actividad,Bajo Sedentarismo,486.0,493.0,0.99
8053475328,2016-04-21,16057.0,125100002288818.0,967000007629395.0,0.25,257999992370605.0,0.0,87.5,6,170,1164,3103.0,Alta Actividad,Alto Sedentarismo,,,
8053475328,2016-04-22,10520.0,828999996185303.0,626000022888184.0,0.150000005960464,187999999523163.0,0.0,60.0,3,117,1260,2655.0,Alta Actividad,Alto Sedentarismo,,,
8053475328,2016-04-23,20400.375,171900005340576.0,12539999961853.0,0.629999995231628,401999998092651.0,0.0,87.5,14,223,741,3554.0,Alta Actividad,Alto Sedentarismo,331.0,337.0,0.98
8053475328,2016-04-24,20400.375,179500007629395.0,131300001144409.0,154999995231628.0,325999999046326.0,0.0,87.5,33,182,1096,3577.0,Alta Actividad,Alto Sedentarismo,,,
8053475328,2016-04-25,20400.375,156899995803833.0,113699998855591.0,0.46000000834465,385999989509583.0,0.0,87.5,9,209,1104,3403.0,Alta Actividad,Alto Sedentarismo,,,
8053475328,2016-04-26,12685.0,961999988555908.0,630999994277954.0,0.200000002980232,309999990463257.0,0.0,68.0,5,185,1182,2846.0,Alta Actividad,Alto Sedentarismo,,,
8053475328,2016-04-27,12422.0,981999969482422.0,646000003814697.0,0.430000007152557,29300000667572.0,0.0,60.0,10,183,1187,2852.0,Alta Actividad,Alto Sedentarismo,,,
8053475328,2016-04-28,15447.0,123999996185303.0,967000007629395.0,0.389999985694885,234999990463257.0,0.0,87.5,9,153,1188,3062.0,Alta Actividad,Alto Sedentarismo,,,
8053475328,2016-04-29,12315.0,964999961853027.0,617000007629395.0,0.310000002384186,317000007629395.0,0.0,58.0,8,159,1215,2794.0,Alta Actividad,Alto Sedentarismo,,,
8053475328,2016-04-30,7135.0,559000015258789.0,299000000953674.0,0.0599999986588955,253999996185303.0,0.0,27.0,1,131,1281,2408.0,Baja Actividad,Alto Sedentarismo,,,
8053475328,2016-01-05,1170.0,0.850000023841858,0.0,0.0,0.850000023841858,0.0,0.0,0,51,1389,1886.0,Baja Actividad,Alto Sedentarismo,,,
8053475328,2016-02-05,1969.0,142999994754791.0,0.0,0.0,142999994754791.0,0.0,0.0,0,95,1345,1988.0,Baja Actividad,Alto Sedentarismo,,,
8053475328,2016-03-05,15484.0,118999996185303.0,839000034332275.0,0.930000007152557,258999991416931.0,0.0,87.0,22,165,1166,3023.0,Alta Actividad,Alto Sedentarismo,,,
8053475328,2016-04-05,14581.0,111499996185303.0,881999969482422.0,0.400000005960464,19099999666214.0,0.0,87.5,8,123,1220,2918.0,Alta Actividad,Alto Sedentarismo,,,
8053475328,2016-05-05,14990.0,115100002288818.0,885000038146973.0,0.449999988079071,221000003814697.0,0.0,87.5,9,130,1208,2950.0,Alta Actividad,Alto Sedentarismo,,,
8053475328,2016-06-05,13953.0,11.0,910000038146973.0,0.689999997615814,121000003814697.0,0.0,87.5,15,90,1245,2859.0,Alta Actividad,Alto Sedentarismo,,,
8053475328,2016-07-05,19769.0,156700000762939.0,124399995803833.0,0.879999995231628,234999990463257.0,0.0,87.5,20,148,1076,3331.0,Alta Actividad,Alto Sedentarismo,,,
8053475328,2016-08-05,20400.375,176499996185303.0,133999996185303.0,0.589999973773956,366000008583069.0,0.0,87.5,14,228,1073,3589.0,Alta Actividad,Alto Sedentarismo,,,
8053475328,2016-09-05,12465.0,938000011444092.0,611999988555908.0,0.569999992847443,269000005722046.0,0.0,66.0,12,148,1214,2765.0,Alta Actividad,Alto Sedentarismo,,,
8053475328,2016-10-05,14810.0,113599996566772.0,909000015258789.0,0.419999986886978,185000002384186.0,0.0,87.5,10,115,1219,2926.0,Alta Actividad,Alto Sedentarismo,,,
8053475328,2016-11-05,12209.0,939999961853027.0,607999992370605.0,0.280000001192093,303999996185303.0,0.0,60.0,7,184,1189,2809.0,Alta Actividad,Alto Sedentarismo,,,
8053475328,2016-12-05,4998.0,391000008583069.0,295000004768372.0,0.200000002980232,0.759999990463257,0.0,28.0,4,39,839,1505.0,Baja Actividad,Alto Sedentarismo,,,
8253242879,2016-12-04,9033.0,715999984741211.0,542999982833862.0,0.140000000596046,15900000333786.0,0.0,40.0,2,154,1244,2044.0,Baja Actividad,Alto Sedentarismo,,,
8253242879,2016-04-13,8053.0,609999990463257.0,417000007629395.0,0.629999995231628,130999994277954.0,0.0,35.0,11,96,1298,1935.0,Baja Actividad,Alto Sedentarismo,,,
8253242879,2016-04-14,5234.0,346000003814697.0,192999994754791.0,0.990000009536743,0.540000021457672,0.0,29.0,16,33,1362,1705.0,Baja Actividad,Alto Sedentarismo,,,
8253242879,2016-04-15,2672.0,176999998092651.0,0.0,0.0,175999999046326.0,0.0,0.0,0,105,1335,1632.0,Baja Actividad,Alto Sedentarismo,,,
8253242879,2016-04-16,9256.0,61399998664856.0,0.430000007152557,326999998092651.0,245000004768372.0,0.0,6.0,51,115,1268,1880.0,Baja Actividad,Alto Sedentarismo,,,
8253242879,2016-04-17,10204.0,790999984741211.0,542999982833862.0,0.150000005960464,232999992370605.0,0.0,41.0,5,157,1237,2112.0,Alta Actividad,Alto Sedentarismo,,,
8253242879,2016-04-18,5151.0,348000001907349.0,103999996185303.0,0.629999995231628,179999995231628.0,0.0,16.0,16,130,1278,1829.0,Baja Actividad,Alto Sedentarismo,,,
8253242879,2016-04-19,4212.0,277999997138977.0,0.0,0.0,277999997138977.0,0.0,0.0,0,164,1276,1763.0,Baja Actividad,Alto Sedentarismo,,,
8253242879,2016-04-20,6466.0,426999998092651.0,0.330000013113022,0.819999992847443,310999989509583.0,0.0099999997764825,5.0,18,216,1201,1931.0,Baja Actividad,Alto Sedentarismo,,,
8253242879,2016-04-21,11268.0,85600004196167.0,588000011444092.0,0.930000007152557,1.75,0.0,49.0,20,172,1199,2218.0,Alta Actividad,Alto Sedentarismo,,,
8253242879,2016-04-22,2824.0,187000000476837.0,0.0,0.0,187000000476837.0,0.0,0.0,0,120,1320,1651.0,Baja Actividad,Alto Sedentarismo,,,
8253242879,2016-04-23,9282.0,626000022888184.0,208999991416931.0,103999996185303.0,313000011444092.0,0.0,30.0,26,191,1193,2132.0,Baja Actividad,Alto Sedentarismo,,,
8253242879,2016-04-24,8905.0,713000011444092.0,559999990463257.0,0.189999997615814,13400000333786.0,0.0,41.0,4,82,1313,1976.0,Baja Actividad,Alto Sedentarismo,,,
8253242879,2016-04-25,6829.0,451000022888184.0,0.360000014305115,239000010490417.0,176999998092651.0,0.0,7.0,54,118,1261,1909.0,Baja Actividad,Alto Sedentarismo,,,
8253242879,2016-04-26,4562.0,303999996185303.0,117999994754791.0,0.490000009536743,137000000476837.0,0.0,19.0,14,108,1299,1813.0,Baja Actividad,Alto Sedentarismo,,,
8253242879,2016-04-27,10232.0,818000030517578.0,623999977111816.0,0.230000004172325,170000004768372.0,0.0,45.0,5,104,1286,2008.0,Alta Actividad,Alto Sedentarismo,,,
8253242879,2016-04-28,2718.0,179999995231628.0,0.670000016689301,0.779999971389771,0.340000003576279,0.0,11.0,16,20,1393,1580.0,Baja Actividad,Alto Sedentarismo,,,
8253242879,2016-04-29,6260.0,426000022888184.0,128999996185303.0,0.540000021457672,240000009536743.0,0.0,16.0,14,136,1257,1854.0,Baja Actividad,Alto Sedentarismo,,,
8378563200,2016-12-04,7626.0,605000019073486.0,0.829999983310699,0.709999978542328,4.5,0.0,65.0,15,156,723,3635.0,Baja Actividad,Alto Sedentarismo,,,
8378563200,2016-04-13,12386.0,981999969482422.0,496000003814697.0,0.649999976158142,421000003814697.0,0.0,87.5,14,169,680,4079.0,Alta Actividad,Bajo Sedentarismo,447.0,487.0,0.92
8378563200,2016-04-14,13318.0,105600004196167.0,561999988555908.0,102999997138977.0,391000008583069.0,0.0,87.5,21,174,699,4163.0,Alta Actividad,Bajo Sedentarismo,424.0,455.0,0.93
8378563200,2016-04-15,14461.0,114700002670288.0,490999984741211.0,114999997615814.0,540999984741211.0,0.0,60.0,23,190,729,3666.0,Alta Actividad,Alto Sedentarismo,513.0,533.0,0.96
8378563200,2016-04-16,11207.0,889000034332275.0,536999988555908.0,107000005245209.0,244000005722046.0,0.0,64.0,21,142,563,3363.0,Alta Actividad,Bajo Sedentarismo,611.0,689.0,0.89
8378563200,2016-04-17,2132.0,169000005722046.0,0.0,0.0,169000005722046.0,0.0,0.0,0,93,599,2572.0,Baja Actividad,Bajo Sedentarismo,525.0,591.0,0.89
8378563200,2016-04-18,13630.0,108100004196167.0,505000019073486.0,0.560000002384186,519999980926514.0,0.0,87.5,10,174,720,4157.0,Alta Actividad,Alto Sedentarismo,398.0,451.0,0.88
8378563200,2016-04-19,13070.0,103599996566772.0,530000019073486.0,0.879999995231628,417999982833862.0,0.0,87.5,19,154,737,4092.0,Alta Actividad,Alto Sedentarismo,387.0,421.0,0.92
8378563200,2016-04-20,9388.0,744000005722046.0,223000001907349.0,0.439999997615814,478000020980835.0,0.0,82.0,8,169,763,3787.0,Baja Actividad,Alto Sedentarismo,381.0,409.0,0.93
8378563200,2016-04-21,15148.0,120100002288818.0,690000009536743.0,0.819999992847443,428999996185303.0,0.0,87.5,16,145,677,4236.0,Alta Actividad,Bajo Sedentarismo,396.0,417.0,0.95
8378563200,2016-04-22,12200.0,967000007629395.0,490999984741211.0,0.589999973773956,417999982833862.0,0.0,87.5,12,159,769,4044.0,Alta Actividad,Alto Sedentarismo,441.0,469.0,0.94
8378563200,2016-04-23,5709.0,453000020980835.0,151999998092651.0,0.519999980926514,248000001907349.0,0.0,19.0,10,136,740,2908.0,Baja Actividad,Alto Sedentarismo,565.0,591.0,0.96
8378563200,2016-04-24,3703.0,294000005722046.0,0.0,0.0,294000005722046.0,0.0,0.0,0,135,734,2741.0,Baja Actividad,Alto Sedentarismo,458.0,492.0,0.93
8378563200,2016-04-25,12405.0,984000015258789.0,505000019073486.0,0.870000004768372,392000007629395.0,0.0,87.5,16,141,692,4005.0,Alta Actividad,Bajo Sedentarismo,388.0,402.0,0.97
8378563200,2016-04-26,16208.0,128500003814697.0,751000022888184.0,0.920000016689301,442000007629395.0,0.0,87.5,18,161,593,3763.0,Alta Actividad,Bajo Sedentarismo,550.0,584.0,0.94
8378563200,2016-04-27,7359.0,584000015258789.0,0.330000013113022,0.180000007152557,532999992370605.0,0.0,4.0,4,192,676,3061.0,Baja Actividad,Bajo Sedentarismo,531.0,600.0,0.88
8378563200,2016-04-28,5417.0,430000019073486.0,0.899999976158142,0.490000009536743,291000008583069.0,0.0,11.0,10,139,711,2884.0,Baja Actividad,Alto Sedentarismo,506.0,556.0,0.91
8378563200,2016-04-29,6175.0,490000009536743.0,0.25,0.360000014305115,426999998092651.0,0.0,3.0,7,172,767,2982.0,Baja Actividad,Alto Sedentarismo,527.0,562.0,0.94
8378563200,2016-04-30,2946.0,233999991416931.0,0.0,0.0,233999991416931.0,0.0,0.0,0,121,780,2660.0,Baja Actividad,Alto Sedentarismo,468.0,555.0,0.84
8378563200,2016-01-05,11419.0,90600004196167.0,603000020980835.0,0.560000002384186,247000002861023.0,0.0,71.0,10,127,669,3369.0,Alta Actividad,Bajo Sedentarismo,,,
8378563200,2016-02-05,6064.0,480999994277954.0,0.629999995231628,0.170000001788139,401000022888184.0,0.0,63.0,4,142,802,3491.0,Baja Actividad,Alto Sedentarismo,,,
8378563200,2016-03-05,8712.0,690999984741211.0,13400000333786.0,105999994277954.0,4.5,0.0,71.0,20,195,822,3784.0,Baja Actividad,Alto Sedentarismo,,,
8378563200,2016-04-05,7875.0,623999977111816.0,155999994277954.0,0.490000009536743,419999980926514.0,0.0,19.0,10,167,680,3110.0,Baja Actividad,Bajo Sedentarismo,,,
8378563200,2016-05-05,8567.0,678999996185303.0,0.889999985694885,0.159999996423721,573999977111816.0,0.0,66.0,3,214,764,3783.0,Baja Actividad,Alto Sedentarismo,381.0,417.0,0.91
8378563200,2016-06-05,7045.0,559000015258789.0,154999995231628.0,0.25,377999997138977.0,0.0,74.0,5,166,831,3644.0,Baja Actividad,Alto Sedentarismo,,,
8378563200,2016-07-05,4468.0,353999996185303.0,0.0,0.0,353999996185303.0,0.0,0.0,0,158,851,2799.0,Baja Actividad,Alto Sedentarismo,,,
8378563200,2016-08-05,2943.0,232999992370605.0,0.0,0.0,232999992370605.0,0.0,0.0,0,139,621,2685.0,Baja Actividad,Bajo Sedentarismo,,,
8378563200,2016-09-05,8382.0,665000009536743.0,126999998092651.0,0.660000026226044,471999979019165.0,0.0,71.0,13,171,772,3721.0,Baja Actividad,Alto Sedentarismo,,,
8378563200,2016-10-05,6582.0,521999979019165.0,0.660000026226044,0.639999985694885,392000007629395.0,0.0,63.0,13,152,840,3586.0,Baja Actividad,Alto Sedentarismo,,,
8378563200,2016-11-05,9143.0,7.25,138999998569489.0,0.589999973773956,526999998092651.0,0.0,72.0,10,184,763,3788.0,Baja Actividad,Alto Sedentarismo,,,
8378563200,2016-12-05,4561.0,361999988555908.0,0.649999976158142,0.270000010728836,269000005722046.0,0.0,8.0,6,102,433,1976.0,Baja Actividad,Bajo Sedentarismo,,,
8583815059,2016-12-04,5014.0,391000008583069.0,0.0,0.330000013113022,357999992370605.0,0.0,0.0,7,196,1237,2650.0,Baja Actividad,Alto Sedentarismo,,,
8583815059,2016-04-13,5571.0,434999990463257.0,0.150000005960464,0.970000028610229,323000001907349.0,0.0,2.0,23,163,1252,2654.0,Baja Actividad,Alto Sedentarismo,,,
8583815059,2016-04-14,3135.0,245000004768372.0,0.0,0.0,24300000667572.0,0.0,0.0,0,134,1306,2443.0,Baja Actividad,Alto Sedentarismo,,,
8583815059,2016-04-15,3430.0,26800000667572.0,0.0,0.0,0.899999976158142,0.0,0.0,0,65,1375,2505.0,Baja Actividad,Alto Sedentarismo,,,
8583815059,2016-04-16,5319.0,415000009536743.0,0.0,0.0,0.0,0.0,0.0,0,0,1440,2693.0,Baja Actividad,Alto Sedentarismo,,,
8583815059,2016-04-17,3008.0,234999990463257.0,0.0,0.0,0.0,0.0,0.0,0,0,1440,2439.0,Baja Actividad,Alto Sedentarismo,,,
8583815059,2016-04-18,3864.0,300999999046326.0,0.310000002384186,105999994277954.0,135000002384186.0,0.0,4.0,22,105,1309,2536.0,Baja Actividad,Alto Sedentarismo,,,
8583815059,2016-04-19,5697.0,444000005722046.0,0.529999971389771,0.479999989271164,344000005722046.0,0.0,7.0,10,166,1257,2668.0,Baja Actividad,Alto Sedentarismo,,,
8583815059,2016-04-20,5273.0,41100001335144.0,0.0,103999996185303.0,30699999332428.0,0.0,0.0,27,167,1246,2647.0,Baja Actividad,Alto Sedentarismo,,,
8583815059,2016-04-21,8538.0,665999984741211.0,263000011444092.0,101999998092651.0,300999999046326.0,0.0,35.0,18,158,1229,2883.0,Baja Actividad,Alto Sedentarismo,,,
8583815059,2016-04-22,8687.0,678000020980835.0,0.28999999165535,241000008583069.0,407999992370605.0,0.0,4.0,54,212,1170,2944.0,Baja Actividad,Alto Sedentarismo,,,
8583815059,2016-04-23,9423.0,734999990463257.0,0.529999971389771,202999997138977.0,4.75,0.0,7.0,44,238,1151,3012.0,Baja Actividad,Alto Sedentarismo,,,
8583815059,2016-04-24,8286.0,646000003814697.0,0.150000005960464,204999995231628.0,426999998092651.0,0.0,2.0,44,206,1188,2889.0,Baja Actividad,Alto Sedentarismo,,,
8583815059,2016-04-25,4503.0,350999999046326.0,147000002861023.0,0.239999994635582,180999994277954.0,0.0,18.0,6,122,1294,2547.0,Baja Actividad,Alto Sedentarismo,,,
8583815059,2016-04-26,10499.0,81899995803833.0,0.0700000002980232,421999979019165.0,389000010490417.0,0.0,1.0,91,214,1134,3093.0,Alta Actividad,Alto Sedentarismo,,,
8583815059,2016-04-27,12474.0,972999954223633.0,659999990463257.0,0.270000010728836,286999988555908.0,0.0,77.0,5,129,1229,3142.0,Alta Actividad,Alto Sedentarismo,,,
8583815059,2016-04-28,6174.0,482000017166138.0,0.0,120000004768372.0,360999989509583.0,0.0,0.0,28,203,1209,2757.0,Baja Actividad,Alto Sedentarismo,,,
8583815059,2016-04-29,15168.0,118299999237061.0,390000009536743.0,3.0,492000007629395.0,0.0,46.0,67,258,1069,3513.0,Alta Actividad,Alto Sedentarismo,,,
8583815059,2016-04-30,10085.0,786999988555908.0,0.150000005960464,127999997138977.0,642999982833862.0,0.0,2.0,28,317,1093,3164.0,Alta Actividad,Alto Sedentarismo,,,
8583815059,2016-01-05,4512.0,351999998092651.0,0.779999971389771,0.119999997317791,203999996185303.0,0.0,10.0,2,117,1311,2596.0,Baja Actividad,Alto Sedentarismo,,,
8583815059,2016-02-05,8469.0,66100001335144.0,0.0,0.0,0.0,0.0,0.0,0,0,1440,2894.0,Baja Actividad,Alto Sedentarismo,,,
8583815059,2016-03-05,12015.0,936999988555908.0,0.0,0.0,0.0,0.0,0.0,0,0,1440,3212.0,Alta Actividad,Alto Sedentarismo,,,
8583815059,2016-04-05,3588.0,279999995231628.0,0.0,0.0,0.0,0.0,0.0,0,0,1440,2516.0,Baja Actividad,Alto Sedentarismo,,,
8583815059,2016-05-05,12427.0,96899995803833.0,0.0,0.0,117999994754791.0,0.0,0.0,0,70,1370,3266.0,Alta Actividad,Alto Sedentarismo,,,
8583815059,2016-06-05,5843.0,455999994277954.0,0.140000000596046,119000005722046.0,323000001907349.0,0.0,2.0,22,166,1250,2683.0,Baja Actividad,Alto Sedentarismo,,,
8583815059,2016-07-05,6117.0,476999998092651.0,0.0,0.0,476999998092651.0,0.0,0.0,0,250,1190,2810.0,Baja Actividad,Alto Sedentarismo,,,
8583815059,2016-08-05,9217.0,719000005722046.0,0.219999998807907,330999994277954.0,366000008583069.0,0.0,3.0,72,182,1183,2940.0,Baja Actividad,Alto Sedentarismo,,,
8583815059,2016-09-05,9877.0,769999980926514.0,576000022888184.0,0.170000001788139,173000001907349.0,0.0,66.0,4,110,1260,2947.0,Baja Actividad,Alto Sedentarismo,,,
8583815059,2016-10-05,8240.0,642999982833862.0,0.689999997615814,200999999046326.0,372000002861023.0,0.0,9.0,43,162,1226,2846.0,Baja Actividad,Alto Sedentarismo,,,
8583815059,2016-11-05,8701.0,678999996185303.0,0.370000004768372,324000000953674.0,317000007629395.0,0.0,5.0,71,177,1106,2804.0,Baja Actividad,Alto Sedentarismo,,,
8792009665,2016-12-04,2564.0,163999998569489.0,0.0,0.0,163999998569489.0,0.0,0.0,0,116,831,2044.0,Baja Actividad,Alto Sedentarismo,,,
8792009665,2016-04-13,1320.0,0.839999973773956,0.0,0.0,0.839999973773956,0.0,0.0,0,82,806,1934.0,Baja Actividad,Alto Sedentarismo,531.0,552.0,0.96
8792009665,2016-04-14,1219.0,0.779999971389771,0.0,0.0,0.779999971389771,0.0,0.0,0,84,853,1963.0,Baja Actividad,Alto Sedentarismo,486.0,503.0,0.97
8792009665,2016-04-15,2483.0,15900000333786.0,0.0,0.0,15900000333786.0,0.0,0.0,0,126,937,2009.0,Baja Actividad,Alto Sedentarismo,363.0,377.0,0.96
8792009665,2016-04-16,244.0,0.159999996423721,0.0,0.0,0.159999996423721,0.0,0.0,0,12,1428,1721.0,Baja Actividad,Alto Sedentarismo,,,
8792009665,2016-04-20,3147.0,200999999046326.0,0.0,0.280000001192093,174000000953674.0,0.0,0.0,10,139,744,2188.0,Baja Actividad,Alto Sedentarismo,528.0,547.0,0.97
8792009665,2016-04-21,144.0,0.0900000035762787,0.0,0.0,0.0900000035762787,0.0,0.0,0,9,1431,1720.0,Baja Actividad,Alto Sedentarismo,,,
8792009665,2016-04-22,4068.0,259999990463257.0,0.0500000007450581,0.280000001192093,226999998092651.0,0.0,1.0,20,195,817,2419.0,Baja Actividad,Alto Sedentarismo,391.0,407.0,0.96
8792009665,2016-04-23,5245.0,335999989509583.0,0.159999996423721,0.439999997615814,2.75,0.0,8.0,45,232,795,2748.0,Baja Actividad,Alto Sedentarismo,339.0,360.0,0.94
8792009665,2016-04-24,400.0,0.259999990463257,0.0399999991059303,0.0500000007450581,0.159999996423721,0.0,3.0,8,19,1410,1799.0,Baja Actividad,Alto Sedentarismo,,,
8792009665,2016-04-26,1321.0,0.850000023841858,0.0,0.0,0.850000023841858,0.0,0.0,0,80,1360,1928.0,Baja Actividad,Alto Sedentarismo,,,
8792009665,2016-04-27,1758.0,112999999523163.0,0.0,0.0,112999999523163.0,0.0,0.0,0,112,900,2067.0,Baja Actividad,Alto Sedentarismo,423.0,428.0,0.99
8792009665,2016-04-28,6157.0,394000005722046.0,0.0,0.0,394000005722046.0,0.0,0.0,0,310,714,2780.0,Baja Actividad,Alto Sedentarismo,402.0,416.0,0.97
8792009665,2016-04-29,8360.0,534999990463257.0,0.140000000596046,0.280000001192093,492999982833862.0,0.0,6.0,14,380,634,3101.0,Baja Actividad,Bajo Sedentarismo,398.0,406.0,0.98
8792009665,2016-04-30,7174.0,459000015258789.0,0.330000013113022,0.360000014305115,391000008583069.0,0.0,10.0,20,301,749,2896.0,Baja Actividad,Alto Sedentarismo,343.0,360.0,0.95
8792009665,2016-01-05,1619.0,103999996185303.0,0.0,0.0,103999996185303.0,0.0,0.0,0,79,834,1962.0,Baja Actividad,Alto Sedentarismo,,,
8792009665,2016-02-05,1831.0,116999995708466.0,0.0,0.0,116999995708466.0,0.0,0.0,0,101,916,2015.0,Baja Actividad,Alto Sedentarismo,,,
8792009665,2016-03-05,2421.0,154999995231628.0,0.0,0.0,154999995231628.0,0.0,0.0,0,156,739,2297.0,Baja Actividad,Alto Sedentarismo,,,
8792009665,2016-04-05,2283.0,146000003814697.0,0.0,0.0,146000003814697.0,0.0,0.0,0,129,848,2067.0,Baja Actividad,Alto Sedentarismo,,,
8792009665,2016-10-05,0.0,0.0,0.0,0.0,0.0,0.0,0.0,0,0,48,388.625,Baja Actividad,Bajo Sedentarismo,,,
8877689391,2016-12-04,20400.375,203999996185303.0,122200002670288.0,0.340000003576279,782000017166138.0,0.0,85.0,7,312,1036,3921.0,Alta Actividad,Alto Sedentarismo,,,
8877689391,2016-04-13,15337.0,957999992370605.0,354999995231628.0,0.379999995231628,56399998664856.0,0.0,87.5,18,216,1098,3566.0,Alta Actividad,Alto Sedentarismo,,,
8877689391,2016-04-14,20400.375,189799995422363.0,105500001907349.0,0.589999973773956,7.75,0.0199999995529652,68.0,13,298,1061,3793.0,Alta Actividad,Alto Sedentarismo,,,
8877689391,2016-04-15,13422.0,717000007629395.0,0.0500000007450581,0.0500000007450581,701000022888184.0,0.0099999997764825,87.5,1,281,1052,3934.0,Alta Actividad,Alto Sedentarismo,,,
8877689391,2016-04-16,20400.375,252900009155273.0,132399997711182.0,121000003814697.0,10710000038147.0,0.0,87.5,29,429,888,4295.625,Alta Actividad,Alto Sedentarismo,,,
8877689391,2016-04-17,15118.0,886999988555908.0,0.0,0.0700000002980232,878999996185303.0,0.0,58.0,15,307,1060,3545.0,Alta Actividad,Alto Sedentarismo,,,
8877689391,2016-04-18,11423.0,867000007629395.0,244000005722046.0,0.270000010728836,594000005722046.0,0.0,29.0,5,191,1215,2761.0,Alta Actividad,Alto Sedentarismo,,,
8877689391,2016-04-19,18785.0,173999996185303.0,121499996185303.0,0.180000007152557,503000020980835.0,0.0,82.0,13,214,1131,3676.0,Alta Actividad,Alto Sedentarismo,,,
8877689391,2016-04-20,19948.0,181100006103516.0,110200004577637.0,0.689999997615814,634000015258789.0,0.0,73.0,19,225,1123,3679.0,Alta Actividad,Alto Sedentarismo,,,
8877689391,2016-04-21,19377.0,176200008392334.0,12289999961853.0,0.419999986886978,48899998664856.0,0.0,82.0,13,226,1119,3659.0,Alta Actividad,Alto Sedentarismo,,,
8877689391,2016-04-22,18258.0,163099994659424.0,102299995422363.0,0.0299999993294477,596999979019165.0,0.0500000007450581,61.0,2,236,1141,3427.0,Alta Actividad,Alto Sedentarismo,,,
8877689391,2016-04-23,11200.0,742999982833862.0,0.0,0.0,740000009536743.0,0.0099999997764825,87.5,6,300,1032,3891.0,Alta Actividad,Alto Sedentarismo,,,
8877689391,2016-04-24,16674.0,157399997711182.0,110100002288818.0,0.0099999997764825,469000005722046.0,0.0,64.0,1,227,1148,3455.0,Alta Actividad,Alto Sedentarismo,,,
8877689391,2016-04-25,12986.0,873999977111816.0,236999988555908.0,0.0700000002980232,626999998092651.0,0.0099999997764825,87.5,8,218,1101,3802.0,Alta Actividad,Alto Sedentarismo,,,
8877689391,2016-04-26,11101.0,843000030517578.0,175999999046326.0,0.129999995231628,6.5,0.0,22.0,3,258,1157,2860.0,Alta Actividad,Alto Sedentarismo,,,
8877689391,2016-04-27,20400.375,206499996185303.0,130699996948242.0,0.439999997615814,709999990463257.0,0.0,87.5,8,235,1104,3808.0,Alta Actividad,Alto Sedentarismo,,,
8877689391,2016-04-28,14890.0,113000001907349.0,492999982833862.0,0.379999995231628,596999979019165.0,0.0,58.0,8,231,1143,3060.0,Alta Actividad,Alto Sedentarismo,,,
8877689391,2016-04-29,9733.0,73899998664856.0,137999999523163.0,0.170000001788139,578999996185303.0,0.0,18.0,5,210,1207,2698.0,Baja Actividad,Alto Sedentarismo,,,
8877689391,2016-04-30,20400.375,267199993133545.0,216599998474121.0,0.0799999982118607,492999982833862.0,0.0,87.5,4,223,1089,4295.625,Alta Actividad,Alto Sedentarismo,,,
8877689391,2016-01-05,10930.0,831999969482422.0,313000011444092.0,0.569999992847443,457000017166138.0,0.0,36.0,12,166,1226,2786.0,Alta Actividad,Alto Sedentarismo,,,
8877689391,2016-02-05,4790.0,364000010490417.0,0.0,0.0,355999994277954.0,0.0,0.0,0,105,1335,2189.0,Baja Actividad,Alto Sedentarismo,,,
8877689391,2016-03-05,10818.0,821000003814697.0,138999998569489.0,0.100000001490116,667000007629395.0,0.0099999997764825,19.0,3,229,1189,2817.0,Alta Actividad,Alto Sedentarismo,,,
8877689391,2016-04-05,18193.0,162999992370605.0,104200000762939.0,0.310000002384186,553000020980835.0,0.0,66.0,8,212,1154,3477.0,Alta Actividad,Alto Sedentarismo,,,
8877689391,2016-05-05,14055.0,106700000762939.0,546000003814697.0,0.819999992847443,436999988555908.0,0.0,67.0,15,188,1170,3052.0,Alta Actividad,Alto Sedentarismo,,,
8877689391,2016-06-05,20400.375,193400001525879.0,12789999961853.0,0.28999999165535,615999984741211.0,0.0,87.5,17,232,1095,4015.0,Alta Actividad,Alto Sedentarismo,,,
8877689391,2016-07-05,12332.0,813000011444092.0,0.0799999982118607,0.959999978542328,698999977111816.0,0.0,87.5,28,271,1036,4142.0,Alta Actividad,Alto Sedentarismo,,,
8877689391,2016-08-05,10686.0,810999965667725.0,108000004291534.0,0.200000002980232,680000019073486.0,0.0,17.0,4,245,1174,2847.0,Alta Actividad,Alto Sedentarismo,,,
8877689391,2016-09-05,20226.0,18.25,111000003814697.0,0.800000011920929,623999977111816.0,0.0500000007450581,73.0,19,217,1131,3710.0,Alta Actividad,Alto Sedentarismo,,,
8877689391,2016-10-05,10733.0,814999961853027.0,135000002384186.0,0.46000000834465,628000020980835.0,0.0,18.0,11,224,1187,2832.0,Alta Actividad,Alto Sedentarismo,,,
8877689391,2016-11-05,20400.375,195599994659424.0,132200002670288.0,0.409999996423721,58899998664856.0,0.0,87.5,12,213,1127,3832.0,Alta Actividad,Alto Sedentarismo,,,
8877689391,2016-12-05,8064.0,611999988555908.0,182000005245209.0,0.0399999991059303,4.25,0.0,23.0,1,137,770,1849.0,Baja Actividad,Alto Sedentarismo,,,
