TotalSteps,TotalDistance,VeryActiveDistance,ModeratelyActiveDistance,LightActiveDistance,VeryActiveMinutes,FairlyActiveMinutes,LightlyActiveMinutes,SedentaryMinutes,Calories,Nivel_Pasos_Alta Actividad,Nivel_Pasos_Baja Actividad,Nivel_Sedentarismo_Alto Sedentarismo,Nivel_Sedentarismo_Bajo Sedentarismo
1.0848455260908725,-1.460314152489656,0.40836097581748343,-0.4044381851613507,1.3820885809295202,0.14492068717094705,-0.082898990877619,1.2194084465892532,-0.7985079174971903,-0.5234648342009828,1,0,1,0
0.5529562646898851,0.9431123366173814,0.24539980480953583,-0.40443818516134916,0.7308405645581734,-0.00020900012571523354,0.2114009031173638,0.0838240177087064,-0.6289012111613371,-0.791235081985635,1,0,1,0
0.4926886310329953,0.8638027017570973,0.7027425329493256,-0.4044381851613523,0.3449158098560981,0.3263327962917749,-0.18099895554261325,-0.2844736349012007,0.932893876347977,-0.8211455883871122,1,0,1,0
0.33971841906023503,0.705183596461654,0.5450381698663991,0.981768111061065,-0.17608271825552835,0.29005037446760934,0.9471506381048207,0.0019800949065048204,-0.8055748635945175,-0.8652991930750069,0,1,1,0
0.9768020955714302,1.3534534765966606,0.8446764722571737,-0.40443818516135227,0.8900344985568279,0.5440273272367684,-0.23004893787511038,0.12474597910980718,-0.639501630307328,-0.6972306332952783,1,0,1,0
0.32722658226589785,0.7741484248509789,1.0970035033227283,-0.40443818516134816,-0.33045259713344616,0.6165921708850995,0.2604508854498609,-0.45839197085587907,-1.466334323694612,-0.8895124601619169,0,1,0,1
1.05350635658929,1.5017281042713875,-0.579919854078519,-0.40443818516134966,0.7308405645581734,0.7617218581817617,0.0642509561198724,0.24751186331310954,0.6890842359901882,-0.614620663234056,1,0,1,0
1.5985449198790533,1.9465516584453295,1.2757350981057491,1.0477780033881847,0.8852105584506428,1.0519812327750864,0.8000006911073293,0.5646570641716406,-0.6324346842100008,-0.4522493427688945,1,0,1,0
0.5110976536772817,0.8431132532403005,0.45041550188377116,-0.4044381851613515,0.504109628840201,0.25376795264344376,-0.13194897321011612,-0.03894186649459597,-0.48049534311746567,-0.8069024901006945,1,0,1,0
0.3522102558545722,0.7258730449784507,-0.5094785589505043,-0.4044381851613529,0.701896233833791,-0.07277384377404637,-0.32814890254010465,0.022441075607055216,-0.4098258821441935,-0.8225698982157539,0,1,1,0
0.997621823561992,1.3431088345508229,1.922323224876894,0.8277452038307619,-0.4607022004077185,1.6324999819617356,0.6038007617773408,-0.8062286427652358,0.9293604032993135,-0.7485057871263819,1,0,1,0
1.3498039591497082,1.6568990503599277,0.8972445515074201,-0.4044381851613472,-1.2827219750791057,0.7254394363575962,0.309500867782358,0.5441960834710903,-0.7843740253025359,-0.5747399880320865,1,0,1,0
0.40042436278008403,0.7500106527021542,0.9550695640148802,-0.40443818516135444,0.0409999922064379,0.6528745927092651,-0.47529884953759605,0.29866431506448554,-0.8656439054217988,-0.8040538704434109,1,0,1,0
1.5654525101256338,1.918965727089598,2.2009341702353815,-0.40443818516135044,0.35938797521828925,1.8864769347308945,-0.033849008545121864,0.0735935273584312,-0.4946292353121201,-0.48358415899901336,1,0,1,0
1.214804459758275,1.5706929326607126,0.6449175204418656,-0.4044381851613466,1.1312374846224447,0.3626152181159405,0.4076008324473523,0.7181144194257686,-0.4274932473875116,-0.5448294816306093,1,0,1,0
2.1744843426074403,-1.4182110844738485,2.78444047657404,-0.40443818516135227,1.068524653038401,2.0678890438517223,-0.18099895554261325,0.34981676681586155,0.5442118409949803,-0.2756349240173154,1,0,1,0
1.0830922858390357,1.4810384913294694,1.2809919060307755,-0.2768191955169857,0.2870270333927865,0.9794163891267552,0.6528507441098379,-0.20262971209899913,-0.6077003728693555,-0.6473797892928166,1,0,1,0
0.6506994087297864,1.005180846592893,-0.022697712697185908,-0.4044381851613512,1.150533705105363,-0.1816211092465431,-0.13194897321011612,0.34981676681586155,-0.49109576226345647,-0.7342626888399644,1,0,1,0
1.415988778656547,-1.4603141524896535,1.2915055218808227,1.1577942720171583,0.5185819092169391,1.1245460764234174,0.9471506381048207,0.0838240177087064,-0.855043486275808,-0.5775886076893699,1,0,1,0
0.5238086455030985,0.887940473905922,0.6238902887417712,1.3558238178487798,-0.1326661071544031,0.43518006176427165,0.9962006204373177,0.38050823786668714,-0.791440971399863,-0.7584759559268743,1,0,1,0
1.4278231503564454,1.887931472101842,1.1075171191727755,-0.40443818516135044,1.3145518092392965,0.7254394363575962,0.015200973787375267,0.6976534387252182,-0.5511648040907378,-0.49640294745678926,1,0,1,0
1.5102254421927748,1.8706901827919518,1.3808713819384295,0.7507336846407413,0.8128496166251401,1.0519812327750864,0.4566508147798494,0.4623521606688887,-0.4875622892147929,-0.5163432850577739,1,0,1,0
0.6329478511799389,1.005180846592893,0.7132561487993728,-0.4044381851613472,-1.3570125044485373,0.5440273272367684,0.35855085011485516,-0.05940284719514636,0.7950884274500963,-0.7599002657555162,1,0,1,0
1.2838382946743487,1.6086235060622782,0.9550695640148802,0.7837386963791702,0.8128496166251401,0.8705691236542585,0.4566508147798494,0.4214301992677879,-0.342689894219585,-0.5604968897456688,1,0,1,0
0.8650330295168345,1.308626255931039,0.45567230980879736,-0.404438185161354,1.2614870878967122,0.10863826534678149,-0.4262488672050989,0.8204193229285206,-0.7066376182319365,-0.6502284089501,1,0,1,0
0.8284341392597414,1.1982825305081204,0.7132561487993728,1.9279088081686409,-0.031360834604517995,0.5803097490609339,1.5357504260947863,-0.3458565770028519,-0.4274932473875116,-0.7570516460982326,1,0,1,0
0.4050266184411556,0.8086308390456379,1.2757350981057491,-0.4044381851613532,-0.22432326946282904,0.8342867018300929,-0.32814890254010465,-0.05940284719514636,-1.3426627669913858,-0.8724207422182158,1,0,0,1
0.8350087902041294,1.201730689715027,1.2336806347055553,-0.4044381851613509,0.2629067577891313,0.9068515454784241,-0.18099895554261325,-0.02871137614432077,-0.4204263012901844,-0.7599002657555162,1,0,1,0
0.8755524710278553,1.2189719790249172,1.1811124301231213,-0.2768191955169857,0.03135188196497872,0.9068515454784241,0.8000006911073293,0.05313254665788081,-0.7349054026212454,-0.7029278726098455,1,0,1,0
0.9989367537508697,1.3431088345508229,0.7658242280496192,0.7067271771891607,0.6536556826264854,0.5440273272367684,0.4076008324473523,0.4316606896180631,-1.006982827368343,-0.8111754195866198,1,0,0,1
-0.010710476275644205,0.37070376771063085,-0.5799198540785361,-0.4044381851613567,1.0202841018310955,-0.7621398584331922,-0.7205487612000817,-0.6425407971608326,1.201437828046411,-1.3111081694398798,0,1,1,0
-0.264053692666061,0.1086372554060786,-0.5799198540785361,-0.4044381851613567,0.6536556826264854,-0.7621398584331922,-0.7205487612000817,-0.6220798164602822,1.194370881949084,-1.341018675841357,0,1,1,0
0.19617187344109752,0.5810467409357517,-0.5799198540785361,-0.4044381851613567,1.3097276391040176,-0.7621398584331922,-0.7205487612000817,0.27820333436393513,0.8834252536666866,-1.1117047934300326,0,1,1,0
-1.468748900709418,-1.4603141524896819,-0.5799198540785361,-0.4044381851613567,-1.5412915825822564,-0.7621398584331922,-0.7205487612000817,-1.1540653146745925,1.3781114804795915,-1.4364474343603555,0,1,1,0
-0.622810479198165,-0.2568767461201397,-0.5799198540785361,-0.4044381851613567,0.14230526475632302,-0.7621398584331922,-0.7205487612000817,-0.3356260866525767,1.095433636586503,-1.266954564751985,0,1,1,0
-0.44639067885708755,-0.060326820785445205,-0.03846813647225929,1.2678106717958588,-0.8225066795061433,-0.21790353107070867,0.35855085011485516,-0.8369201138160614,1.1378353131704662,-1.1373423703455843,0,1,1,0
0.5093444134254449,1.094835123499015,0.5502949777914252,-0.40443818516134994,0.6874239534570529,-0.14533868742237752,-0.3771988848726018,-0.06963333754542156,0.9187599841533226,-1.0661268789134961,1,0,1,0
-1.1606169264491015,-0.8051476661969065,-0.5799198540785361,-0.4044381851613567,-0.6247202470343738,-0.7621398584331922,-0.7205487612000817,-0.6936932489122086,1.2191051932897292,-1.3068352399539547,0,1,1,0
-0.7095958716640863,-0.34653110523881875,-0.5799198540785361,-0.4044381851613567,0.01687971660278754,-0.7621398584331922,-0.7205487612000817,-0.5913883454094566,1.1837704628030932,-1.2911678318388953,0,1,1,0
-0.4082577033796373,-0.03618904863662043,-0.5799198540785361,-0.4044381851613567,-1.34302272159551,-0.7621398584331922,-0.7205487612000817,-0.23332118314982472,1.060098906099867,-1.261257325437418,0,1,1,0
-0.9173548415067464,-0.5568740784639397,-0.5799198540785361,-0.4044381851613567,-0.2870361010468726,-0.7621398584331922,-0.7205487612000817,-0.10032480859624715,1.0141637564672399,-1.2569843959514928,0,1,1,0
0.07147266052920552,0.4534617262029394,-0.5799198540785361,-0.4044381851613567,1.1312374846224447,-0.7621398584331922,-0.7205487612000817,0.18612892121145838,0.915226511104659,-1.1259478917164503,0,1,1,0
-0.4680870269735679,-0.09825747639957154,0.024613621294128033,-0.4044381851613468,-0.6295443021551009,-0.1816211092465431,0.16235092078486665,-0.2435516735000999,0.9434942954939679,-1.047610851141153,0,1,1,0
-0.37582275872065657,-0.005154958073985894,-0.5799198540785361,-0.4044381851613567,0.4848134083572827,-0.7621398584331922,-0.7205487612000817,-0.06963333754542156,1.0035633373212491,-1.225649579721374,0,1,1,0
-1.1803408792822656,-1.3968664487120872,-0.5799198540785361,-0.4044381851613567,-0.6584886328794881,-0.7621398584331922,-0.7205487612000817,-0.7039237392624837,1.2226386663383928,-1.3538374642991329,0,1,1,0
0.03399715014619405,0.4155309883762524,0.0035863895940284416,1.6528680054464744,-0.35457287273710136,-0.14533868742237752,1.045250602769815,-0.560696874358631,0.9858959720779311,-0.9721224302231394,0,1,1,0
-1.1950242663913986,-0.8430783629173132,-0.5799198540785361,-0.4044381851613545,-0.7694420156708324,-0.7621398584331922,-0.47529884953759605,-0.9596859980193637,1.293308127311665,-1.3552617741277746,0,1,1,0
-1.2758924730073709,-0.9258362391970646,-0.5799198540785361,-0.4044381851613567,-0.793562348781761,-0.7621398584331922,-0.7205487612000817,-0.6016188357597319,1.1873039358517568,-1.3509888446418494,0,1,1,0
-0.3808633244446874,0.02243113770686339,-0.5799198540785313,1.0037713647868554,-0.5185909768710301,-0.36303321836737096,0.4076008324473523,0.1554374501606328,0.8056888465960872,-0.9934870776527659,0,1,1,0
2.671171827077017,-0.4937711371688673,0.5723735460100894,4.205247929483632,-1.4491520435153993,2.412572051181295,2.369600125747237,-0.38677853840395265,0.23326621271258288,0.48067359499146284,1,0,1,0
-0.23161874800708027,0.23967042934579402,-0.5799198540785315,-0.4044381851613502,0.13265715451486385,-0.5081629056640332,-0.4262488672050989,-0.43793099015532866,1.0848332174405122,-1.2185280305781652,0,1,1,0
-1.3394474321364547,-0.9879046258537353,-0.5799198540785361,-0.4044381851613567,-1.4766491807064723,-0.7621398584331922,-0.7205487612000817,-1.1540653146745925,1.3781114804795915,-1.4506905326467732,0,1,1,0
-1.319066014208852,-0.9672151773369385,-0.5799198540785361,-0.4044381851613567,-0.8562751228585264,-0.7621398584331922,-0.7205487612000817,-0.9289945269685381,1.300375073408992,-1.402263998472953,0,1,1,0
-1.2583600704890028,-0.9051467495739874,-0.5799198540785361,-0.4044381851613567,-0.7790901259122964,-0.7621398584331922,-0.7205487612000817,-0.9392250173188134,1.3039085464576556,-1.3994153788156694,0,1,1,0
-1.4211922588783452,-1.0741107435529504,-0.5799198540785361,-0.4044381851613567,-1.0009968914949898,-0.7621398584331922,-0.7205487612000817,-1.0926823725729413,1.3569106421876098,-1.4407203638462807,0,1,1,0
-1.3385708120105362,-0.9879046258537353,-0.5799198540785361,-0.4044381851613567,-0.8803953984621815,-0.7621398584331922,-0.7205487612000817,-0.2742431445509255,1.0742327982945212,-1.2512871566369257,0,1,1,0
-1.0486287053630263,-0.6913555760356795,-0.5799198540785361,-0.4044381851613567,-0.47035031064917765,-0.7621398584331922,-0.7205487612000817,-0.5811578550591814,1.1802369897544296,-1.3182297185830887,0,1,1,0
-1.420096483720947,-1.0706625021334832,-0.5799198540785361,-0.4044381851613567,-0.9961728363742578,-0.7621398584331922,-0.7205487612000817,-1.2052177664259685,1.3957788457229094,-1.4592363916186237,0,1,1,0
-1.1490017097806828,-0.7948029419385081,-0.5799198540785361,-0.4044381851613567,-0.6150721367929097,-0.7621398584331922,-0.7205487612000817,-0.714154229612759,1.2261721393870564,-1.3666562527569088,0,1,1,0
-1.112841129586549,-0.7568722452180979,-0.5799198540785361,-0.4044381851613567,-0.5571834178368715,-0.7621398584331922,-0.7205487612000817,-0.9903774690701893,1.3215759117009738,-1.415082786930729,0,1,1,0
-1.1485633997177236,-0.7948029419385081,-0.5799198540785361,-0.4044381851613567,-0.6150721367929097,-0.7621398584331922,-0.7205487612000817,-1.0415299208215654,-0.226085283613686,-1.9235613957558397,0,1,1,0
0.5439709083992216,1.2189719790249172,-0.5799198540785353,2.1259383540002625,1.0299322120725547,-0.6895750147848612,1.7810003377572718,0.4828131413694391,0.6254817211142433,1.2056472977701223,1,0,1,0
-0.046213591375339286,0.5465643267410892,0.618633480816745,-0.40443818516134683,-0.2677397655494074,0.3263327962917749,0.0642509561198724,-0.7550761910138598,1.0777662713431848,0.7826272786635174,0,1,1,0
0.6191410841967241,1.3051782611492537,-0.5799198540785342,2.411980914735067,0.9189788292812103,-0.5807277493123644,2.124350214084752,0.4418911799683383,0.6042808828222616,1.24410366314345,1,0,1,0
-0.6462600675664821,-0.1396364556457293,-0.579919854078535,-0.4044381851613551,0.12300904427340466,-0.6532925929606955,-0.5243488318700932,-0.3970090287542279,1.0919001635378394,0.5661321847099688,0,1,1,0
1.5533989833942559,-1.0768693449097784,1.5753734004965239,1.6638696323093751,0.9141548891750252,1.088263654599252,1.3395504967647978,0.03267156595733041,0.6396156133088977,1.6243943873908016,1,0,1,0
0.11946761242323777,0.7362176870242885,-0.5799198540785243,-0.40443818516135044,0.17124959548070537,0.29005037446760934,-0.082898990877619,-0.23332118314982472,0.9116930380559954,0.93787704998547,0,1,1,0
-0.23665931373111107,0.3293248706770372,-0.017440842106065894,1.4328352058890625,-0.3593969278578285,-0.21790353107070867,0.8981006557723236,-0.8983030559177125,1.1201679479271482,0.6458935351139078,0,1,1,0
0.6671360360907563,1.360350123860713,-0.5799198540785342,2.378976034146376,1.0154601617249104,-0.5807277493123644,2.124350214084752,0.7078839290754935,0.5124105835570079,1.3495025904629405,1,0,1,0
-1.2658113415593093,-0.8499748457562477,-0.5799198540785361,-0.4044381851613567,-0.692257076231871,-0.7621398584331922,-0.7205487612000817,-0.8573810945166117,1.275640762068347,0.11035303954460343,0,1,1,0
-1.531646394744063,-1.4603141524896823,-0.5799198540785361,-0.4044381851613567,-1.5412915825822568,-0.7621398584331922,-0.7205487612000817,-1.7474337549905539,1.5830529173020806,-0.30269681076150895,0,1,1,0
-0.9947165676190449,-0.539632789154046,-0.5799198540785361,-0.4044381851613567,-0.2580916553079434,-0.7621398584331922,-0.7205487612000817,-1.2563702181773444,1.4134462109662276,-0.012137605718588514,0,1,1,0
-0.3451410543135127,0.20518801515113153,-0.5799198540785361,-0.4044381851613504,-1.5412915825822406,-0.7621398584331922,0.015200973787375267,-0.49931393225697984,1.0989671096351665,0.4621575672191199,0,1,1,0
-1.071859138699864,-0.6292871482727285,-0.5799198540785361,-0.4044381851613567,-0.3786931483407517,-0.7621398584331922,-0.7205487612000817,-1.225678747126519,1.4028457918202368,0.0861397724576934,0,1,1,0
-1.0150979855466478,-0.5637705613028707,-0.579919854078533,-0.40443818516135605,-0.6005999139234451,-0.4718804838398677,-0.6714987788675846,-1.1745262953751427,1.3533771691389462,0.2057817980636018,0,1,1,0
0.37412575900253214,1.02587029510969,-0.5799198540785319,1.4878434713532815,0.7211924543167142,-0.36303321836737096,1.2905005144323005,0.14520695981035758,0.7456198047688058,1.097399750793348,0,1,1,0
-1.1351949427974681,-0.701700300294078,-0.5799198540785361,-0.4044381851613567,-0.4799984208906368,-0.7621398584331922,-0.7205487612000817,-0.9289945269685381,1.300375073408992,0.1943873194344677,0,1,1,0
0.2614800728220181,0.8982852803768812,-0.579919854078535,-0.1492002058726147,0.5378781296998623,-0.6532925929606955,1.8791003024222661,0.18612892121145838,0.717352020379497,1.0760351033637214,0,1,1,0
-1.1036366182644057,-0.6637696446799517,-0.5799198540785361,-0.4044381851613567,-0.4269338145626041,-0.7621398584331922,-0.7205487612000817,-0.9085335462679878,0.8445570501313868,0.20720610789224359,0,1,1,0
2.1917975900943283,-1.003766561047046,-0.5799198540785327,3.0500760596815235,3.022268932181531,-0.4355980620157021,2.7619999844072143,1.9764647325096178,-0.4875622892147929,2.1271757569013454,1,0,1,0
-0.45581434521071035,0.0776030004183227,-0.5799198540785349,-0.40443818516134583,0.01687971660278754,-0.6532925929606955,0.4566508147798494,-0.6425407971608326,-0.16248276873774106,0.4892194539633134,0,1,1,0
-0.976088389943279,-0.5189433406372491,-0.5799198540785357,-0.40443818516135327,-0.4076375940796809,-0.7258574366090267,-0.3771988848726018,-0.6220798164602822,-0.9610476777357162,0.32399951384086845,0,1,0,1
1.0164691562692376,1.7603464573690333,-0.5799198540785323,4.095231660854658,0.6488315124912114,-0.39931564019153654,3.8901495780546482,0.12474597910980718,0.5689461523356255,1.383686026350343,1,0,1,0
-1.2936440305572183,-0.8810090596377234,-0.5799198540785361,-0.4044381851613567,-1.46121219281868,-0.7621398584331922,-0.7205487612000817,-1.604206890086701,1.5335842946207903,-0.1859034048128841,0,1,1,0
-0.8434995958981214,-0.36032407091668445,-0.5799198540785334,-0.4044381851613508,-0.5137668067357511,-0.5444453274881988,-0.13194897321011612,-1.3075226699287203,1.3675110613336006,0.15735526388978174,0,1,1,0
0.345197294847225,0.994836040121934,-0.5799198540785319,-0.4044381851613537,1.3579684203404168,-0.36303321836737096,-0.4262488672050989,1.6388585509505365,0.35340429636714554,1.38938326566491,0,1,1,0
1.1308680827015885,1.89137979573387,1.1338011587979013,-0.40443818516134805,1.1939503162064882,0.7254394363575962,0.11330093845236952,0.34981676681586155,0.653749505503552,1.4976308126416844,1,0,1,0
-0.32607456657478756,-1.2916949908739237,-0.5799198540785361,-0.4044381851613567,0.8128496166251401,-0.7621398584331922,-0.7205487612000817,0.8818022650301718,0.1307954943013383,0.9036936140980676,0,1,1,0
-0.3438261241246351,0.20518801515113153,0.6764584933241999,-0.4044381851613529,-0.5330631422332213,0.3988976399401061,-0.4262488672050989,0.9636461878323733,0.5124105835570079,0.9336041204995447,0,1,1,0
0.20932117532987346,0.8362167704013693,-0.5799198540785315,-0.4044381851613478,0.8562659976971667,-0.3267507965432054,0.2114009031173638,-0.5504663840083558,1.060098906099867,0.6359233663134154,0,1,1,0
-1.5084159614072257,-1.4603141524896819,-0.5799198540785361,-0.4044381851613567,-1.5412915825822566,-0.7621398584331922,-0.7205487612000817,-1.6348983611375267,-0.8515100132271444,-1.5333005027079956,0,1,1,0
-0.3319917524247367,0.06725819394736363,-0.5799198540785361,-0.4044381851613567,0.595766791148627,-0.7621398584331922,-0.7205487612000817,1.3319438404422805,0.519477529654335,-0.45937089191210334,0,1,1,0
-0.7194578480806683,-0.33618638098042036,-0.5799198540785361,-0.4044381851613567,0.03135188196497872,-0.7621398584331922,-0.7205487612000817,0.4009692185672375,0.8410235770827232,-0.7015035627812037,0,1,1,0
-0.06023951339003364,-1.4603141524896672,-0.5799198540785361,-0.4044381851613567,0.981691660865254,-0.7621398584331922,-0.7205487612000817,1.6797805123516372,-0.3921585169008755,-0.3169399090479266,0,1,1,0
-0.9572410572360335,-0.5844600098196676,-0.5799198540785361,-0.4044381851613567,-0.315980431771255,-0.7621398584331922,-0.7205487612000817,-0.3356260866525767,-1.5087360002785752,-0.8937853896478423,0,1,0,1
-1.0514777207722612,-0.6810108517772812,-0.5799198540785361,-0.4044381851613567,-0.4510540901662545,-0.7621398584331922,-0.7205487612000817,-0.6323103068105574,1.1979043549977475,-0.9906384579954823,0,1,1,0
-0.8079964807984263,-0.42928898151857015,-0.5799198540785353,-0.4044381851613539,-0.29186015616760463,-0.6895750147848612,-0.32814890254010465,-0.10032480859624715,0.978829025980604,-0.7969323213002021,0,1,1,0
-0.7922173185318953,-0.41204777442123713,-0.5799198540785361,-0.4044381851613515,-0.30633232152979584,-0.7621398584331922,-0.13194897321011612,0.0838240177087064,0.9081595650073317,-0.767021814898725,0,1,1,0
-1.756499457042132,-1.460314152489685,-0.5799198540785361,-0.4044381851613567,-1.5412915825822606,-0.7621398584331922,-0.7205487612000817,-2.0338874847982593,1.6819901626646616,-1.4051126181302365,0,1,1,0
-1.7979197579917763,-1.4603141524896852,-0.5799198540785361,-0.4044381851613567,-1.541291582582261,-0.7621398584331922,-0.7205487612000817,-2.125961897950736,1.713791420102634,-1.4293258852171467,0,1,1,0
-0.03459837470692052,0.3741520913426588,-0.5799198540785354,-0.404438185161351,0.7163682841814353,-0.6895750147848612,-0.082898990877619,1.0147986395837494,0.5760130984329528,-0.41379297739556675,0,1,1,0
-0.6223721691352058,-0.2361872976033429,-0.5799198540785361,-0.4044381851613567,0.17124959548070537,-0.7621398584331922,-0.7205487612000817,0.11451548875953199,0.9399608224453042,-0.7485057871263819,0,1,1,0
-1.0172895358614438,-0.6465284375826187,-0.5799198540785361,-0.4044381851613567,-0.40281353895894895,-0.7621398584331922,-0.7205487612000817,-0.714154229612759,1.2261721393870564,-1.0077301759391835,0,1,1,0
-1.7987963781176948,-1.4603141524896852,-0.5799198540785361,-0.4044381851613567,-1.541291582582261,-0.7621398584331922,-0.7205487612000817,-2.125961897950736,1.713791420102634,-1.4307501950457884,0,1,1,0
-0.2859691958140209,0.11553373824501316,-0.5799198540785361,-0.4044381851613567,0.6584796227326706,-0.7621398584331922,-0.7205487612000817,0.9534156974820982,0.6502160324548885,-0.5134946654004905,0,1,1,0
-0.7214302433639846,-1.4603141524896741,-0.5799198540785361,-0.4044381851613567,-1.5412915825822455,-0.7621398584331922,-0.7205487612000817,0.3907387282169623,0.4523415417297265,-0.7072008020957707,0,1,1,0
-0.9199847018845015,-0.539632789154046,-0.5799198540785361,-0.4044381851613567,-0.2629157104286754,-0.7621398584331922,-0.7205487612000817,-0.2537821638503751,-2.6005791723156295,-0.8396616161594551,0,1,0,1
-1.235787102246604,-0.8741125356925084,-0.5799198540785361,-0.4044381851613539,-0.8418028999890617,-0.7621398584331922,-0.3771988848726018,-1.3689056120303715,-1.3037945634560861,-1.1558583981179273,0,1,0,1
-0.9101227254679196,-1.367901192014175,-0.5799198540785361,-0.4044381851613567,-1.4120067788306834,-0.7621398584331922,-0.7205487612000817,-0.2537821638503751,1.067165852197194,-0.8695721225609322,0,1,1,0
-1.3438305327660467,-0.9879046258537353,-0.5799198540785361,-0.4044381851613567,-0.8803953984621815,-0.7621398584331922,-0.7205487612000817,-1.2461397278270692,1.409912737917564,-1.1444639194887931,0,1,1,0
-1.3094231928237494,-0.9499739291333252,-0.5799198540785361,-0.4044381851613567,-0.8273307346268706,-0.7621398584331922,-0.7205487612000817,-0.9085335462679878,1.293308127311665,-1.0874915263431224,0,1,1,0
-1.7900301768585107,-1.4603141524896852,-0.5799198540785361,-0.4044381851613567,-1.541291582582261,-0.7621398584331922,-0.7205487612000817,-2.115731407600461,1.7102579470539705,-1.426477265559863,0,1,1,0
-1.799672998243613,-1.4603141524896852,-0.5799198540785361,-0.4044381851613567,-1.541291582582261,-0.7621398584331922,-0.7205487612000817,-2.136192388301011,-0.8585769593244716,-2.403553808008115,0,1,1,0
-1.6510858869004448,-1.4603141524896837,-0.5799198540785361,-0.4044381851613567,-1.5412915825822586,-0.7621398584331922,-0.7205487612000817,-1.5735154190358756,-0.7773070792052087,-0.18875202447016762,0,1,1,0
-1.7216538070368756,-1.4603141524896845,-0.5799198540785361,-0.4044381851613567,-1.54129158258226,-0.7621398584331922,-0.7205487612000817,-1.808816697092205,0.11312812905802026,-0.28702940264644955,0,1,1,0
-1.3256406651532398,-1.46031415248968,-0.5799198540785361,-0.4044381851613523,-1.010645001736449,-0.7621398584331922,-0.2790989202076075,-1.235909237476794,1.194370881949084,0.04341047759844039,0,1,1,0
-1.5849010673936057,-1.460314152489683,-0.5799198540785361,-0.4044381851613567,-1.5412915825822577,-0.7621398584331922,-0.7205487612000817,-1.6144373804369763,-0.04587815813184204,-0.18732771464152584,0,1,1,0
-1.7461991705625908,-1.4603141524896848,-0.5799198540785361,-0.4044381851613567,-1.5412915825822602,-0.7621398584331922,-0.7205487612000817,-1.9622740523463331,1.6572558513240163,-0.3440017957921202,0,1,1,0
-1.7670188985531528,-1.460314152489685,-0.5799198540785361,-0.4044381851613567,-1.5412915825822606,-0.7621398584331922,-0.7205487612000817,-2.0338874847982593,1.6819901626646616,-0.369639372707672,0,1,1,0
-1.1542614305361931,-0.7568722452180979,-0.5799198540785361,-0.4044381851613567,-0.5571834178368715,-0.7621398584331922,-0.7205487612000817,-0.6527712875111078,1.2049713010950747,0.20863041772088536,0,1,1,0
-1.3416389824512507,-0.9603186533917236,-0.5799198540785357,-0.40443818516135405,-0.9913487812535258,-0.7258574366090267,-0.4262488672050989,-1.3689056120303715,1.427580103160882,-0.04062380229142385,0,1,1,0
-1.7663614334587139,-1.460314152489685,-0.5799198540785361,-0.4044381851613567,-1.5412915825822606,-0.7621398584331922,-0.7205487612000817,-2.013426504097709,1.2332390854843835,-0.35966920390717966,0,1,1,0
-0.9754309248488402,-0.5637705613028707,-0.5799198540785361,-0.4044381851613567,-0.2870361010468726,-0.7621398584331922,-0.7205487612000817,-0.17193824104817354,0.36753818856179993,0.40660948390209095,0,1,1,0
-1.4325883205152843,-1.4203145150282253,-0.5799198540785361,-0.4044381851613567,-1.4853324914252417,-0.7621398584331922,-0.7205487612000817,-1.1642958050248677,0.7526867508661331,-0.002167436918096147,0,1,1,0
-1.2070777931227767,-0.8154923904553049,-0.048981752322306456,-0.4044381851613564,-1.5412915825822573,-0.2541859528948742,-0.6714987788675846,-1.4200580637817475,1.4169796840148912,0.08329115280040987,0,1,1,0
-0.9690754289359318,-0.5568740784639397,-0.5189408257487671,-0.4044381851613535,-1.4853324914252417,-0.1816211092465431,-0.32814890254010465,-1.1745262953751427,1.300375073408992,0.21717627669273595,0,1,1,0
-1.5090734265016645,-1.460314152489682,-0.5799198540785322,-0.4044381851613567,-1.5412915825822602,-0.39931564019153654,-0.7205487612000817,-1.9622740523463331,1.6219211208373803,-0.22435977018621178,0,1,1,0
-1.4082621120210488,-1.0327318054130765,-0.5799198540785361,-0.4044381851613567,-0.9431081725389516,-0.7621398584331922,-0.7205487612000817,-1.2461397278270692,1.409912737917564,-0.020683464690439118,0,1,1,0
-1.341419827419771,-0.9603186533917236,-0.5799198540785361,-0.4044381851613567,-0.8418028999890617,-0.7621398584331922,-0.7205487612000817,-1.0312994304712901,1.335709803895628,0.04341047759844039,0,1,1,0
-1.468748900709418,-1.1016967160149589,-0.5799198540785361,-0.4044381851613567,-1.0395893899681048,-0.7621398584331922,-0.7205487612000817,-1.645128851487802,1.5477181868154446,-0.17593323601239172,0,1,1,0
-1.799672998243613,-1.4603141524896852,-0.5799198540785361,-0.4044381851613567,-1.541291582582261,-0.7621398584331922,-0.7205487612000817,-2.136192388301011,0.04245866808474812,-1.3808993510433265,0,1,1,0
0.8027930005766283,1.4155219865721724,1.1600851984230218,-0.4044381851613482,0.5137579691107588,0.7617218581817617,-0.033849008545121864,0.18612892121145838,0.717352020379497,0.05338064639893276,1,0,1,0
0.8354471002670886,-1.460314152489656,0.991867219490048,-0.4044381851613556,1.068524653038401,0.7980042800059274,-0.47529884953759605,0.8511107939793462,0.5159440566056714,0.3539100202423456,1,0,1,0
0.5430942882733032,-1.4603141524896595,0.7237697646494253,-0.40443818516135444,0.7839052859007577,0.3988976399401061,-0.5733988142025903,0.49304363171971427,0.6855507629415245,-0.05771552023512506,1,0,1,0
0.6184836191022853,1.308626255931039,0.439901886033724,-0.40443818516135327,1.2470150375490676,0.2174855308192782,-0.2790989202076075,0.7488058904765942,0.5936804636762708,0.24566247326557128,1,0,1,0
0.4137928197003396,0.9844913980760963,1.0759762716226287,-0.4044381851613507,0.09406471354901748,0.7254394363575962,-0.18099895554261325,-0.5913883454094566,1.0000298642725856,-0.24999734710176358,1,0,1,0
1.5121978374760912,-1.0672142689352728,1.4544666928887702,-0.4044381851613495,1.7776615608876065,0.25376795264344376,0.701900726442335,1.2500999176400789,0.3463373502698183,0.6117100992265054,1,0,1,0
1.2972067515946042,-1.1130759209204548,1.3335601106132042,-0.40443818516135543,1.4978661338561434,0.9794163891267552,-0.5733988142025903,1.0454901106345749,0.4382076495350721,0.5946183812828042,1,0,1,0
0.7311293052827993,1.4810384913294694,1.1495715825729746,-0.40443818516135405,-1.541291582582237,0.3626152181159405,-0.3771988848726018,0.4214301992677879,0.699684655136179,0.1943873194344677,1,0,1,0
1.5121978374760912,-1.0923864395186345,1.1758556221980951,1.7188777666238564,1.0637007129322158,0.9794163891267552,2.369600125747237,0.687422948374943,0.3498708233184819,0.7755057295203086,1,0,1,0
0.9294646087718367,1.553451643350819,1.170598814273069,0.8167435769678612,0.5378781296998623,2.412572051181295,1.8791003024222661,0.4725826510191639,0.26153399710189174,1.1472505947958098,1,0,1,0
1.039261279543116,1.7568981337370053,1.7488481873545187,-0.4044381851613521,0.6150630116315502,1.1245460764234174,-0.23004893787511038,0.6567314773241174,0.5336114218489895,0.40660948390209095,1,0,1,0
-0.4845236543345378,-0.008603117280892502,-0.5799198540785361,-0.4044381851613567,0.48963757849255674,-0.7621398584331922,-0.7205487612000817,0.41119970891751273,0.8374901040340597,-0.4038228085950744,0,1,1,0
1.1547559811328647,-1.1058346057183188,1.8119301331191875,0.8607500844194529,0.6681277329741298,0.5803097490609339,0.5547507794448437,0.0735935273584312,0.7314859125741514,0.25135971258013834,1,0,1,0
0.6919005546479511,1.3017299375172293,1.170598814273069,-0.4044381851613543,0.610239071525365,0.8342867018300929,-0.32814890254010465,0.0838240177087064,0.7668206430607876,0.1673254326902741,1,0,1,0
0.417956765298452,1.0189738122707588,0.17180436852700226,-0.4044381851613495,-1.2947821243823865,1.2333933418959142,0.4566508147798494,0.6771924580246679,0.46647543392438096,0.6273775073415648,1,0,1,0
0.4267229665576359,0.998284363753962,-0.03321132854723308,-0.40443818516134605,0.9286269395226695,-0.07277384377404637,0.2604508854498609,0.7488058904765942,0.58308004453028,0.15735526388978174,1,0,1,0
0.4225590209595236,0.994836040121934,-0.579919854078534,1.0587796302510744,-1.2812747700443408,-0.5444453274881988,0.2604508854498609,0.840880303629071,0.5972139367249344,-0.08050447749339333,1,0,1,0
0.4455702992648815,1.0189738122707588,-0.5799198540785335,0.9267599767465726,-1.5412915825822346,-0.00020900012571523354,1.2414505320998035,0.7385754001263191,0.5088771105083442,0.36815311852876326,1,0,1,0
2.2299305655717787,-1.0151457659525422,-0.5799198540785312,1.135791018291357,-1.0313884847614105,-0.2904683747190398,0.4076008324473523,1.5570146281483348,0.31453609283184586,0.540494607794417,1,0,1,0
0.509782723488404,1.0913869642921084,0.439901886033724,-0.40443818516134616,-1.5412915825822395,0.14492068717094705,0.6528507441098379,0.3702777475164119,0.6643499246495429,0.039137548112515096,1,0,1,0
0.4749370734831478,1.0534562264654213,0.7921082676747451,-0.40443818516135294,0.5475262399413214,0.5440273272367684,-0.32814890254010465,0.6976534387252182,0.58308004453028,0.17159836217619942,1,0,1,0
0.8702927502723449,1.553451643350819,1.5175485133212514,-0.40443818516135166,0.523406079352218,1.850194512906729,-0.033849008545121864,0.4214301992677879,0.5300779488003259,0.5689808043672524,1,0,1,0
0.7793434122083112,1.398280697262282,0.7395401884244986,-0.4044381851613465,0.798377336248402,0.5440273272367684,0.6038007617773408,0.6465009869738423,0.5336114218489895,0.4222768920171504,1,0,1,0
0.8071761012062203,1.4189703102042004,0.8867309356573729,-0.4044381851613473,0.7260163944228993,1.2333933418959142,0.2604508854498609,0.4521216703186135,0.5583457331896348,0.3653044988714797,1,0,1,0
0.4416255086982487,1.0155254886387308,0.40310416789245723,-0.40443818516134933,-1.3174552179541834,0.10863826534678149,0.11330093845236952,0.8818022650301718,0.5300779488003259,0.20720610789224359,1,0,1,0
-0.32958104707846114,0.1638091181175379,0.2664270365096302,-0.4044381851613559,-0.0844255559471024,-0.03649142194988081,-0.6224487965350874,-0.611849326110007,1.113101001829821,-0.5092217359145652,0,1,1,0
-1.0782146346127723,-0.6637696446799517,-0.5799198540785361,-0.4044381851613567,-0.4269338145626041,-0.7621398584331922,-0.7205487612000817,-0.7550761910138598,1.2403060315817107,-0.7185952807249049,0,1,1,0
1.1324021679219456,1.7775877466789234,0.5345244286841643,1.388828698437471,-1.26921462074106,0.5077449054126028,1.5848004084272833,0.9022632457307221,0.3781386077077908,0.5077354817356564,1,0,1,0
1.0050730946322983,1.6362094374180096,0.5870926332665982,0.9267599767465726,1.1408855948639038,1.3059581855442455,0.6528507441098379,0.636270496623567,0.45940848782705374,0.6330747466561318,1,0,1,0
1.1089525795536286,1.7534498101049807,1.6174278638967179,0.8607500844194529,0.3835082508219396,1.342240607368411,0.5057007971123466,0.1554374501606328,0.6325486672115704,0.27272436000976485,1,0,1,0
0.1983634237558935,0.7500106527021542,0.09295218698554157,-0.40443818516134933,0.6005909612839059,-0.1816211092465431,0.0642509561198724,0.27820333436393513,-0.7985079174971903,-0.711473731581696,0,1,1,0
-0.8323226892926618,-0.5154950992177854,-0.5799198540785351,-0.4044381851613529,-0.4799984208906368,-0.6532925929606955,-0.32814890254010465,-0.2844736349012007,-0.8762443245677897,-1.2726518040665522,0,1,1,0
-0.7054319260659739,-0.39135832590444036,-0.5799198540785361,-0.4044381851613567,-0.045833114981256036,-0.7621398584331922,-0.7205487612000817,0.29866431506448554,-1.0281836656603247,-1.1843445946907627,0,1,0,1
-1.0687909682591494,-1.3889354893366868,-0.5799198540785361,-0.4044381851613567,-0.5523593627161444,-0.7621398584331922,-0.7205487612000817,-0.12078578929679755,-1.0635183961469608,-1.3125324792685216,0,1,0,1
-0.9622816229600643,-0.6430801961631548,-0.5799198540785361,-0.4044381851613567,-0.39798948383822175,-0.7621398584331922,-0.7205487612000817,-0.2128602024492743,-0.9433803124923982,-1.2940164514961787,0,1,0,1
-1.2414851330650738,-0.9154914738323858,-0.5799198540785361,-0.4044381851613567,-0.7790901259122964,-0.7621398584331922,-0.7205487612000817,-0.6016188357597319,-0.7985079174971903,-1.3951424493297442,0,1,1,0
-1.6160210818637089,-1.4603141524896837,-0.5799198540785361,-0.4044381851613567,-1.5412915825822586,-0.7621398584331922,-0.7205487612000817,-1.5223629672844996,0.3498708233184819,-1.621607712083785,0,1,1,0
-1.0709825185739454,-0.7499757623791669,-0.5799198540785361,-0.4044381851613567,-0.5475353075954124,-0.7621398584331922,-0.7205487612000817,-0.2742431445509255,0.38167208075645437,-1.329624197212223,0,1,1,0
-1.2684412019370643,-1.46031415248968,-0.5799198540785361,-0.4044381851613567,-1.541291582582254,-0.7621398584331922,-0.7205487612000817,-0.6936932489122086,-0.5970999537233647,-1.4193557164166541,0,1,1,0
-0.21693536089794713,0.08449948325725727,-0.5799198540785361,-0.4044381851613567,0.619887181766829,-0.7621398584331922,-0.7205487612000817,1.2091779562389782,-1.169522587606869,-0.9763953597090647,0,1,0,1
-1.2590175355834416,-0.9327327220359957,-0.5799198540785361,-0.4044381851613567,-0.8032104590232202,-0.7621398584331922,-0.7205487612000817,-0.5709273647089063,-0.7243049834752545,-1.3994153788156694,0,1,1,0
-1.1608360814805812,-0.836181880078382,-0.5799198540785361,-0.4044381851613567,-0.6681368006282207,-0.7621398584331922,-0.7205487612000817,-0.47885295155642943,-0.855043486275808,-1.3581103937850583,0,1,1,0
0.9084257257497952,1.1982825305081204,-0.5799198540785361,-0.4044381851613567,2.178058480951873,-0.7621398584331922,-0.7205487612000817,2.2833794430178735,-1.7525456406363642,-0.6217422123772648,1,0,0,1
-1.0348219383798116,-0.7154932659719436,-0.5799198540785361,-0.4044381851613567,-0.49929464137356,-0.7621398584331922,-0.7205487612000817,-0.45839197085587907,-0.8833112706651168,-1.3552617741277746,0,1,1,0
-0.48101717383086423,-0.17411886984038835,-0.5799198540785361,-0.4044381851613567,0.25808270266840416,-0.7621398584331922,-0.7205487612000817,0.5237351027705399,-0.46989492397147486,-1.1060075541154655,0,1,1,0
-0.4994261964751506,-1.333418744934489,-0.5799198540785361,-0.4044381851613567,-1.3637661816175601,-0.7621398584331922,-0.7205487612000817,0.8101888325782454,0.2261992666152557,-1.0789456673712718,0,1,1,0
-0.4654571665958127,-0.1603259041625261,-0.5799198540785361,-0.4044381851613567,0.2773789231513225,-0.7621398584331922,-0.7205487612000817,0.789727851877695,-1.3002610904074225,-1.0817942870285555,0,1,0,1
-0.4025596725611677,-0.09825747639957154,-0.5799198540785361,-0.4044381851613567,0.3642120303390213,-0.7621398584331922,-0.7205487612000817,1.2500999176400789,-1.1589221684608781,-1.0020329366246166,0,1,0,1
-0.1332181388727402,0.1638091181175379,-0.5799198540785361,-0.4044381851613567,0.7308405645581734,-0.7621398584331922,-0.7205487612000817,1.464940214995858,-1.6324075569818015,-0.9407876139930205,0,1,0,1
-0.7632888543765881,-1.3592805802442536,-0.5799198540785361,-0.4044381851613567,-1.3999466295274026,-0.7621398584331922,-0.7205487612000817,0.24751186331310954,-1.2719933060181137,-1.2057092421203892,0,1,0,1
-1.0087424896337394,-0.6741143689383501,-0.5799198540785361,-0.4044381851613567,-0.4414059799247953,-0.7621398584331922,-0.7205487612000817,-0.18216873139844872,-0.8409095940811535,-1.2897435220102533,0,1,1,0
-0.26164298731978536,0.03967226259163569,-0.5799198540785361,-0.4044381851613567,0.5571743501827855,-0.7621398584331922,-0.7205487612000817,1.4956316860466836,-0.8409095940811535,-0.943636233650304,0,1,1,0
-0.48649604961785425,-0.17756711125985564,-0.5799198540785361,-0.4044381851613567,0.25325864754767213,-0.7621398584331922,-0.7205487612000817,0.9738766781826486,0.09546076381470223,-1.0661268789134961,0,1,1,0
-0.36113937161152343,-0.056878497153417244,-0.5799198540785361,-0.4044381851613567,0.4221008068023328,-0.7621398584331922,-0.7205487612000817,1.3933267825439317,-1.4981355811325845,-0.9892141481668406,0,1,0,1
0.8667862697686712,1.1396623441646365,-0.5799198540785361,-0.4044381851613567,2.096049428884911,-0.7621398584331922,-0.7205487612000817,2.723290528079707,-1.6783427066144283,-0.6074991140908471,1,0,0,1
-0.0030400501738582315,0.2913941328503467,-0.5799198540785361,-0.4044381851613567,0.9093307190397464,-0.7621398584331922,-0.7205487612000817,1.782085415854389,-1.565271569057193,-0.8781179815327828,0,1,0,1
-0.8807559512496533,-0.5637705613028707,-0.5799198540785361,-0.4044381851613567,-0.2870361010468726,-0.7621398584331922,-0.7205487612000817,0.20658990191200877,-1.0211167195629975,-1.2270738895500157,0,1,0,1
-0.5881839842243883,-0.270669711798002,-0.5799198540785361,-0.4044381851613567,0.12300904427340466,-0.7621398584331922,-0.7205487612000817,0.5032741220699894,-1.215457737239496,-1.1359180605169426,0,1,0,1
0.5419985131159052,0.8224238047235036,-0.5799198540785361,-0.4044381851613567,1.6425877874780601,-0.7621398584331922,-0.7205487612000817,1.9662342421593426,-1.4522004314999575,-0.6886847743234278,1,0,0,1
-1.7440076202477948,-1.4603141524896848,-0.5799198540785361,-0.4044381851613567,-1.5412915825822602,-0.7621398584331922,-0.7205487612000817,-1.9622740523463331,0.16966369783663798,-1.725582329574634,0,1,1,0
0.08067717185134869,0.3741520913426588,-0.5799198540785361,-0.4044381851613567,1.0251082719663742,-0.7621398584331922,-0.7205487612000817,1.2398694272898036,-1.3603301322347037,-0.9322417550211699,0,1,0,1
0.14883438664150406,0.4396687605250772,-0.5799198540785361,-0.4044381851613567,1.1167654342748004,-0.7621398584331922,-0.7205487612000817,1.3728658018433813,-2.2048301908653056,-1.4079612377875201,0,1,0,1
0.5507647143750891,1.1224210548547429,0.03512723714418046,-0.40443818516135327,1.3579684203404168,-0.2904683747190398,-0.2790989202076075,0.9943376588831989,0.5583457331896348,-0.32548576801977724,1,0,1,0
-0.20532014422952835,0.2293257872999563,-0.5799198540785361,-0.4044381851613567,0.8224977268665993,-0.7621398584331922,-0.7205487612000817,1.2910218790411796,0.5336114218489895,-0.49782725728543104,0,1,1,0
-0.9289700581751652,-1.367901192014175,-0.5799198540785361,-0.4044381851613567,-1.4120067788306834,-0.7621398584331922,-0.7205487612000817,-0.18216873139844872,1.0424315408565488,-0.9350903746784535,0,1,1,0
-0.6589710593922988,-0.24998026328120515,-0.5799198540785361,-0.4044381851613567,0.15195337499778702,-0.7621398584331922,-0.7205487612000817,0.3702777475164119,0.8516239962287141,-0.785537842671068,0,1,1,0
-0.6914060040512795,-0.2844626774758676,-0.5799198540785361,-0.4044381851613567,0.09888876866974948,-0.7621398584331922,-0.7205487612000817,-0.14124676999734795,1.0282976486618944,-0.895209699476484,0,1,1,0
-0.4413501131330568,-0.018947923751851586,-0.5799198540785361,-0.4044381851613567,0.4751652981158187,-0.7621398584331922,-0.7205487612000817,0.41119970891751273,0.8374901040340597,-0.7128980414103379,0,1,1,0
-0.36223514676892143,0.06381003474046046,-0.5799198540785361,-0.4044381851613539,-1.341575516560745,-0.7621398584331922,-0.3771988848726018,0.5237351027705399,0.7738875891581147,-0.6374096204923242,0,1,1,0
-0.48540027446045625,-0.06722330362437633,-0.5799198540785361,-0.40443818516135255,0.22431431682328978,-0.7621398584331922,-0.18099895554261325,0.19635941156173356,0.8728248345206957,-0.7712947443846503,0,1,1,0
-0.2235100118423351,0.2120844979900661,-0.5799198540785361,-0.4044381851613513,0.5523504100766004,-0.7621398584331922,-0.18099895554261325,0.7590363808268694,0.6784838168441973,-0.6131963534054141,0,1,1,0
-1.0536692710870572,-0.6706661275188828,-0.5799198540785357,-0.4044381851613521,-0.6681368006282207,-0.7258574366090267,-0.23004893787511038,-0.8369201138160614,1.22970561243572,-1.0575810199416453,0,1,1,0
-0.5761304574930103,-0.16377414558198994,-0.5799198540785361,-0.4044381851613567,0.2725548680305953,-0.7621398584331922,-0.7205487612000817,0.5851180448721911,0.7774210622067783,-0.7143223512389796,0,1,1,0
-0.6865845933587283,-0.28101443605640036,-0.5799198540785361,-0.4044381851613567,0.10853687891121348,-0.7621398584331922,-0.7205487612000817,0.3395862764655863,0.618414775016916,-0.7812649131851427,0,1,1,0
-0.8868922921310821,-0.4913574092815212,-0.5799198540785361,-0.4044381851613567,-0.19055488361771952,-0.7621398584331922,-0.7205487612000817,-0.049172356844871166,0.996496391223922,-0.8937853896478423,0,1,1,0
-1.0133447452948108,-0.6258389068532612,-0.5799198540785349,-0.4044381851613545,-0.5813036934405268,-0.6532925929606955,-0.47529884953759605,-0.5811578550591814,1.1519692053651207,-0.9949113874814076,0,1,1,0
-1.052573495929659,-0.6672178860994189,-0.5799198540785361,-0.4044381851613567,-0.4317578696833361,-0.7621398584331922,-0.7205487612000817,-0.6323103068105574,1.1979043549977475,-1.0262462037115265,0,1,1,0
-1.4238221192561002,-1.4203145150282253,-0.5799198540785361,-0.4044381851613567,-1.4853324914252417,-0.7621398584331922,-0.7205487612000817,-1.2972921795784451,1.427580103160882,-1.2413169878364334,0,1,1,0
-1.463927490016867,-1.105144957434426,-0.5799198540785361,-0.4044381851613567,-1.0444134450888367,-0.7621398584331922,-0.7205487612000817,-1.3586751216800963,1.4487809414528636,-1.2527114664655674,0,1,1,0
-1.5971737491564633,-1.4603141524896832,-0.5799198540785361,-0.4044381851613567,-1.5412915825822582,-0.7621398584331922,-0.7205487612000817,-1.6758203225386274,1.5583186059614353,-1.3424429856699989,0,1,1,0
-0.7979153493503648,-0.39825480874337493,-0.5799198540785361,-0.4044381851613567,-1.3931929523583797,-0.7621398584331922,-0.7205487612000817,0.25774235366338477,0.8904921997640137,-0.8168726589011868,0,1,1,0
-1.6304853139413624,-1.4603141524896837,-0.5799198540785361,-0.4044381851613567,-1.5412915825822586,-0.7621398584331922,-0.7205487612000817,-1.7269727742900034,1.5759859712047535,-1.3524131544704912,0,1,1,0
-1.0032636138467492,-0.6154941825948628,-0.5799198540785342,-0.40443818516135444,-0.634368357275833,-0.5807277493123644,-0.4262488672050989,-0.8778420752171622,1.2438395046303745,-1.0533080904557202,0,1,1,0
-0.1685020989409557,0.27070468433354994,0.20334527874324282,-0.4044381851613527,-0.016888669242326817,-0.03649142194988081,-0.23004893787511038,-0.02871137614432077,0.8834252536666866,-0.6758659858656518,0,1,1,0
-1.5364678054366143,-1.4603141524896825,-0.5799198540785361,-0.4044381851613567,-1.5412915825822573,-0.7621398584331922,-0.7205487612000817,-1.604206890086701,1.5335842946207903,-1.3196540284117304,0,1,1,0
-0.6596285244867377,-0.24998026328120515,-0.5799198540785361,-0.40443818516135244,-0.041009059860524034,-0.7621398584331922,-0.18099895554261325,0.14520695981035758,0.8904921997640137,-0.815448349072545,0,1,1,0
-0.7306347546861278,-0.3258416567220219,-0.5799198540785361,-0.4044381851613567,0.0458240473271699,-0.7621398584331922,-0.7205487612000817,-0.049172356844871166,0.996496391223922,-0.8695721225609322,0,1,1,0
-0.18252802095565004,0.2534633950236597,-0.5799198540785361,-0.4044381851613567,0.8562659976971667,-0.7621398584331922,-0.7205487612000817,1.1273340334367765,0.5901469906276072,-0.5419808619733258,0,1,1,0
-0.6686138807774012,-0.26032498753960354,-0.5799198540785361,-0.4044381851613567,0.13265715451486385,-0.7621398584331922,-0.7205487612000817,0.3907387282169623,0.8445570501313868,-0.7570516460982326,0,1,1,0
-1.1224839509716513,-0.7430792795402358,-0.5799198540785361,-0.4044381851613567,-0.5378871973539532,-0.7621398584331922,-0.7205487612000817,-0.6527712875111078,1.2049713010950747,-1.02909482336881,0,1,1,0
-0.4349946172201484,-0.012051440912917015,-0.5799198540785361,-0.4044381851613567,0.4848134083572827,-0.7621398584331922,-0.7205487612000817,0.8306498132787958,0.6926177090388518,-0.6459554794641748,0,1,1,0
-0.39182107601866734,0.03277577975270112,-0.5799198540785361,-0.4044381851613567,0.5475262399413214,-0.7621398584331922,-0.7205487612000817,0.9329547167815477,0.6572829785522157,-0.6402582401496077,0,1,1,0
-1.2165014594763994,-0.8430783629173132,-0.5799198540785361,-0.4044381851613567,-0.6777849108696798,-0.7621398584331922,-0.7205487612000817,-0.8266896234657861,-0.4380936665335024,-1.7483712868329024,0,1,1,0
0.41664183510957437,0.8948369567448532,-0.5799198540785255,-0.40443818516134994,0.4848134083572827,0.25376795264344376,-0.082898990877619,1.1375645237870518,0.03539172198742091,-0.012137605718588514,1,0,1,0
0.46901988763319863,0.9569054667203684,-0.4926567610572069,1.7298795246364949,0.10371282379048148,-0.07277384377404637,0.8490506734398264,-0.14124676999734795,-0.9822485160276978,-0.44797641328296917,1,0,0,1
0.42014831561324795,0.850009736079235,-0.579919854078536,2.6100104605666887,0.35938797521828925,-0.7258574366090267,1.6338503907597806,-0.02871137614432077,-0.8797777976164532,-0.48785708848493864,1,0,1,0
0.4937844061903933,0.9258712117326126,-0.5799198540785357,1.1577942720171583,1.0781727632798601,-0.7258574366090267,0.4566508147798494,0.7692668711771447,-0.8267757018864992,-0.31266697956200135,1,0,1,0
2.671171827077017,-0.9403188531588196,2.2850430970357745,4.106233025418083,1.1264135445162595,1.6324999819617356,2.8110499667397115,0.6055790255727415,0.049525614182075337,0.4521873984186275,1,0,1,0
-0.6004566659872459,-0.2120496076670788,-0.5799198540785356,-0.40443818516135366,0.03135188196497872,-0.7258574366090267,-0.3771988848726018,0.41119970891751273,-1.5758719882031837,-0.6701687465510848,0,1,0,1
0.007698546368642133,0.418979147583159,-0.5799198540785319,-0.4044381851613473,0.2870270333927865,-0.36303321836737096,0.0642509561198724,-0.02871137614432077,-0.9751815699303706,-0.5818615371752953,0,1,0,1
-0.32892358198402233,0.07070651757939159,-0.5799198540785361,-0.4044381851613567,0.6005909612839059,-0.7621398584331922,-0.3771988848726018,1.7718549255041138,-1.0811857613902789,-0.009288986061304981,0,1,0,1
0.6108131930004993,1.0465597436264868,-0.5799198540785324,1.5868581131193547,0.7646090654178346,-0.36303321836737096,1.3886004790972948,0.6158095159230167,0.20146495527461042,-0.22008684070028647,1,0,1,0
0.4094097190707476,-1.4603141524896621,0.39259055204241006,1.2788122986587596,0.08924065842829029,0.07235584352261591,0.5547507794448437,-0.008250395443770377,-0.6819033068912913,-0.4337333149965515,1,0,1,0
-0.08938713257682035,0.3189800642060781,-0.5799198540785331,1.4438368327519522,-0.1326661071544031,-0.4355980620157021,0.6038007617773408,-0.02871137614432077,-0.6112338459180191,-0.5790129175180118,0,1,1,0
1.9042661887930943,-1.068248733139857,0.8814741277323467,1.1907992837555872,1.907911164161874,0.3988976399401061,0.9962006204373177,1.5467841377980596,-1.2825937251641044,0.39379069544431505,1,0,0,1
0.27594430489967164,0.6982871136227228,-0.5799198540785361,-0.4044381851613567,1.478569913373225,-0.7621398584331922,-0.7205487612000817,1.5467841377980596,-1.3073280365047497,-0.2357542488153459,0,1,0,1
0.2783550102459472,0.7396660106563164,0.08769537906051536,-0.404438185161351,0.6777758432155937,-0.21790353107070867,-0.18099895554261325,0.6976534387252182,-1.0635183961469608,-0.36679075305038844,0,1,0,1
-0.4891259099956094,-0.09825747639957154,-0.5799198540785361,-0.4044381851613567,0.3642120303390213,-0.7621398584331922,-0.7205487612000817,0.18612892121145838,-0.7843740253025359,-0.7000792529525619,0,1,1,0
0.7037349263478494,1.1534553098424989,0.397847359967431,-0.4044381851613523,1.0251082719663742,0.18120310899511263,-0.2790989202076075,0.8818022650301718,-1.169522587606869,-0.22578408001485356,1,0,0,1
-0.6076887820260727,-0.21894609050600994,-0.5799198540785361,-0.4044381851613567,0.19536987108436055,-0.7621398584331922,-0.7205487612000817,0.20658990191200877,-0.6713028877453004,-0.7100494217530543,0,1,1,0
-1.79046848692147,-1.4603141524896852,-0.5799198540785361,-0.4044381851613567,-1.541291582582261,-0.7621398584331922,-0.7205487612000817,-2.0952704268999107,-3.3638093508269686,-2.776722983112258,0,1,0,1
0.12801465865094214,0.5775984173037237,-0.5799198540785355,-0.4044381851613465,0.8128496166251401,-0.6895750147848612,0.309500867782358,1.5058621763969589,0.3781386077077908,-0.5277377636869082,0,1,1,0
-0.1301499684320258,0.3051870985282124,-0.5799198540785361,-0.4044381851613543,0.8128496166251401,-0.7621398584331922,-0.32814890254010465,1.9969257132101683,0.26153399710189174,-0.49640294745678926,0,1,1,0
-0.06615669923998282,0.3741520913426588,-0.5799198540785361,-0.4044381851613567,1.0251082719663742,-0.7621398584331922,-0.7205487612000817,1.2500999176400789,0.5477453140436439,-0.6545013384360254,0,1,1,0
0.059199978766347965,0.5051852652823742,-0.5799198540785361,-0.4044381851613567,1.2035984264479473,-0.7621398584331922,-0.7205487612000817,2.447067288622277,0.1343289673500019,-0.41236866756692503,0,1,1,0
0.3228434816363059,0.8327686111944628,1.0549489145903468,-0.4044381851613565,0.15195337499778702,0.9431339673025897,-0.6714987788675846,0.9841071685329238,0.47000890697304454,-0.29130233213237483,0,1,1,0
-1.2465256987891045,-0.8741125356925084,-0.5799198540785361,-0.4044381851613529,-1.4766491807064723,-0.7621398584331922,-0.32814890254010465,-0.49931393225697984,1.1237014209758118,-1.1729501160616285,0,1,1,0
-0.09859164389896352,0.34656599556180606,-0.5799198540785357,-0.40443818516135366,-1.3053950686509026,-0.7258574366090267,-0.4262488672050989,1.0454901106345749,0.5936804636762708,-0.6587742679219507,0,1,1,0
-0.05782880804375805,0.3913932162274276,-0.5799198540785361,-0.4044381851613567,-1.2827219750791057,-0.7621398584331922,-0.7205487612000817,1.8434683579560402,0.3428038772211547,-0.5647698192315941,0,1,1,0
0.21699160143165944,0.712080079300585,0.21385889459329524,-0.40443818516135543,0.7067201739399761,0.03607342169845034,-0.47529884953759605,1.7309329641030131,0.286268308442537,-0.3682150628790302,0,1,1,0
0.1418214256341569,0.6017361894525485,-0.5799198540785354,-0.4044381851613527,1.0974689837627833,-0.6895750147848612,-0.23004893787511038,1.6593195316510867,0.36400471551313635,-0.5448294816306093,0,1,1,0
-0.20290943888325277,0.2293257872999563,-0.5799198540785337,-0.4044381851613567,0.5909428510424467,0.9068515454784241,-0.7205487612000817,1.6081670798997107,0.26153399710189174,-0.1588415180686905,0,1,1,0
0.24219443005181335,0.7293212041853573,0.5187540049090908,-0.40443818516135427,0.39798041618413077,0.25376795264344376,-0.47529884953759605,1.2398694272898036,0.4346741764864085,-0.47218968036987924,0,1,1,0
-0.29342046688432727,0.15346431164657884,-0.5799198540785203,-0.40443818516135605,-0.7597939054293732,0.9068515454784241,-0.6714987788675846,-0.19239922174872393,0.879891780618023,-0.6473797892928166,0,1,1,0
-0.18384295114452764,0.2465669121847286,-0.5799198540785361,-0.4044381851613567,0.8466178874557075,-0.7621398584331922,-0.7205487612000817,1.5365536474477843,0.4488080686810629,-0.6345610008350406,0,1,1,0
0.006602771211244137,0.45001340257091493,-0.5799198540785354,-0.40443818516135477,0.9865156009714342,-0.6895750147848612,-0.47529884953759605,1.0250291299340246,0.600747409773598,-0.6701687465510848,0,1,1,0
-1.029123907561342,-0.6465284375826187,-0.5799198540785361,-0.4044381851613567,-0.40281353895894895,0.9068515454784241,-0.7205487612000817,-0.12078578929679755,0.8586909423260413,-0.5505267209451764,0,1,1,0
-0.06549923414554402,0.4051861819052933,0.5555517857164515,-0.40443818516135294,-0.1374901622751351,0.25376795264344376,-0.3771988848726018,0.04290205630760561,0.8410235770827232,-0.7371113084972478,0,1,1,0
-0.18559619139636443,0.2465669121847286,0.1350067130518293,-0.2493151021297953,-1.4361270774372452,-0.03649142194988081,0.4076008324473523,-0.02871137614432077,0.8374901040340597,-0.815448349072545,0,1,1,0
0.052625327821959986,0.49828878244343966,-0.5799198540785344,0.7837386963791702,0.5137579691107588,-0.5807277493123644,0.2604508854498609,0.4009692185672375,0.7526867508661331,-0.7442328576404567,0,1,1,0
-0.17814492032605805,0.2534633950236597,-0.5799198540785335,0.7397320577778517,0.11818498915267266,-0.5081629056640332,0.16235092078486665,-0.13101627964707274,0.9364273493966406,-0.8738450520468575,0,1,1,0
-0.15053138635962854,0.28449765001141564,-0.5799198540785361,-0.40443818516135444,0.7887292260069381,-0.7621398584331922,-0.3771988848726018,1.2807913886909044,0.5124105835570079,-0.6758659858656518,0,1,1,0
-0.17529590491682326,0.2569117186556877,-0.5799198540785357,-0.404438185161354,0.7067201739399761,-0.7258574366090267,-0.4262488672050989,1.5774756088488853,0.40993986514576325,-0.6359853106636824,0,1,1,0
0.01449235234450971,0.456909885409846,-0.5799198540785361,-0.4044381851613567,1.1408855948639038,-0.7621398584331922,-0.7205487612000817,2.1606135588145716,0.23326621271258288,-0.4807355393417298,0,1,1,0
0.022381933477775284,-1.2668676197687432,-0.579919854078532,-0.404438185161348,0.40280458631940963,-0.2904683747190398,0.4076008324473523,1.0454901106345749,0.4912097452650262,-0.5434051718019676,0,1,1,0
-0.25178101090320343,-1.460314152489669,-0.5799198540785361,-0.40443818516135543,-1.3189024229889483,-0.7621398584331922,-0.47529884953759605,1.6490890413008115,0.39227249990244517,-0.6302880713491154,0,1,1,0
-0.7170471427343926,-0.29480740173426606,0.618633480816745,-0.4044381851613507,-1.5412915825822584,1.9590417783792258,-0.18099895554261325,-1.604206890086701,1.22970561243572,-0.6488040991214583,0,1,1,0
-0.00961470111824621,0.45001340257091493,0.9445559481648278,-0.4044381851613567,-0.2677397655494074,0.9068515454784241,-0.7205487612000817,1.198947465888703,0.40287291904843603,-0.3653664432217467,0,1,1,0
-0.1064812250322291,0.3293248706770372,-0.5799198540785361,-0.4044381851613567,0.9623954403823307,-0.7621398584331922,-0.7205487612000817,1.3933267825439317,0.4982766913623534,-0.6359853106636824,0,1,1,0
0.013834887250070912,0.456909885409846,-0.5799198540785361,-0.4044381851613567,1.1360616547577187,-0.7621398584331922,-0.7205487612000817,1.6797805123516372,0.3993394459997724,-0.5562239602597434,0,1,1,0
-0.38831459551499375,0.03277577975270112,-0.5799198540785361,-0.4044381851613567,0.5427022998351412,-0.7621398584331922,-0.7205487612000817,1.1273340334367765,0.5901469906276072,-0.7499300969550238,0,1,1,0
-0.14154603006896496,-1.284108843308586,-0.5799198540785361,-0.4044381851613567,-1.2947821243823865,-0.7621398584331922,-0.7205487612000817,0.6055790255727415,-0.8267757018864992,-1.3125324792685216,0,1,1,0
-0.7593440638099553,-0.34308286381935493,-0.5799198540785361,-0.4044381851613567,0.01687971660278754,-0.7621398584331922,-0.7205487612000817,0.7283449097760438,0.7279524395254878,-0.8040538704434109,0,1,1,0
0.32941813258069386,0.8258721283555316,-0.5799198540785309,-0.40443818516135294,1.0009878813481723,-0.1816211092465431,-0.32814890254010465,1.6593195316510867,0.3216030389291731,-0.369639372707672,0,1,1,0
0.1385341001619629,0.6189774787624387,-0.5799198540785343,0.728730430914951,0.701896233833791,-0.5444453274881988,0.5057007971123466,1.6490890413008115,0.3004022006371914,-0.40952004790964147,0,1,1,0
-0.1667488586891189,0.2913941328503467,-0.5799198540785361,-0.4044381851613567,0.8996826087982872,-0.7621398584331922,-0.7205487612000817,1.2910218790411796,0.5336114218489895,-0.6331366910063989,0,1,1,0
-0.2864075058769801,0.17070560095647247,-0.5799198540785361,-0.4044381851613567,0.7260163944228993,-0.7621398584331922,-0.7205487612000817,1.5058621763969589,0.45940848782705374,-0.6331366910063989,0,1,1,0
-0.0028208951423786322,0.567253775257886,-0.505798793402987,-0.4044381851613556,-1.3309625722922291,-0.36303321836737096,-0.6224487965350874,1.158025504487602,0.5336114218489895,-0.55337534060246,0,1,1,0
-0.3098570942452972,-1.3003156026438452,-0.012184034181044938,-0.4044381851613545,0.07476837805155226,-0.03649142194988081,-0.3771988848726018,1.3728658018433813,0.40993986514576325,-0.4821598491703716,0,1,1,0
-0.10976855050442308,0.353462642825862,-0.5799198540785361,-0.4044381851613567,0.9865156009714342,-0.7621398584331922,-0.7205487612000817,1.7104719834024626,0.3887390268537816,-0.5234648342009828,0,1,1,0
-0.7301964446231686,-0.3120486910441597,-0.5799198540785316,-0.4044381851613557,-0.3931653137029429,-0.21790353107070867,-0.5733988142025903,0.6669619676743926,0.6855507629415245,-0.6915333939807113,0,1,1,0
0.1413831155711977,0.6327704444403044,0.024613621294128033,-0.4044381851613539,-1.3174552179541834,-0.10905626559821195,-0.2790989202076075,1.7104719834024626,0.2933352545398642,-0.32548576801977724,0,1,1,0
-0.9574602122675131,-0.5568740784639397,-0.5799198540785361,-0.4044381851613567,-0.28221204592614063,-0.7621398584331922,-0.7205487612000817,-0.02871137614432077,0.9894294451265947,-0.9735467400517812,0,1,1,0
-0.17880238542049684,0.2879459736434436,0.1560339447519289,-0.4044381851613559,0.18572176084289654,-0.03649142194988081,-0.6224487965350874,0.9636461878323733,0.5689461523356255,-0.5092217359145652,0,1,1,0
-0.32454048135443037,0.12243022108394429,-0.5799198540785314,-0.40443818516135466,0.14230526475632302,-0.2541859528948742,-0.3771988848726018,0.8511107939793462,0.6113478289195888,-0.614620663234056,0,1,1,0
-0.48583858452341544,-0.04998201431448612,-0.5799198540785361,-0.4044381851613567,0.43174891704379204,-0.7621398584331922,-0.7205487612000817,2.1196915974134707,0.24740010490723732,-0.48785708848493864,0,1,1,0
0.015588127501907707,0.5362195202701301,0.39259055204241006,-0.4044381851613562,0.32561947435862804,0.03607342169845034,-0.6224487965350874,1.2705608983406294,0.4558750147783901,-0.4209145265387756,0,1,1,0
-0.06747162942886042,0.4086345055373213,0.25065661273455675,-0.4044381851613498,-0.002416503880135639,0.10863826534678149,-0.082898990877619,1.4035572728942067,0.36400471551313635,-0.36679075305038844,0,1,1,0
-0.5916904647280619,-0.16377414558198994,-0.5799198540785361,-0.4044381851613567,0.2725548680305953,-0.7621398584331922,-0.7205487612000817,1.8025463965549395,0.3569377694158091,-0.5419808619733258,0,1,1,0
0.2023082143225263,0.6879423071517637,-0.5799198540785361,-0.4044381851613567,1.4592734628612083,-0.7621398584331922,-0.7205487612000817,1.9764647325096178,0.29686872758852784,-0.4394305543111186,0,1,1,0
-0.6491090829757169,-0.2258425733449445,-0.022697712697185908,-0.4044381851613557,-0.3738690932200197,-0.14533868742237752,-0.5243488318700932,0.9329547167815477,0.58308004453028,-0.5790129175180118,0,1,1,0
-1.1253329663808862,-0.7361827967013012,-0.5799198540785361,-0.4044381851613567,-0.5330631422332213,-0.7621398584331922,-0.7205487612000817,-0.3765480480536775,-0.39569198994953914,-1.5888485860250245,0,1,1,0
0.14116396053971808,0.6017361894525485,1.028664874965221,-0.4044381851613468,-0.5716555831990627,0.8342867018300929,0.2114009031173638,-0.7959981524149605,-0.6253677381126735,-1.2854705925243282,0,1,1,0
0.39954774265416565,0.8534580597112595,0.4872131573589441,1.938910697331017,-0.3111563766505278,0.3626152181159405,1.5357504260947863,-0.5709273647089063,-0.7066376182319365,-1.2213766502354486,1,0,1,0
-0.12510940270799503,-1.284108843308586,-0.5799198540785344,-0.40443818516134605,-1.3570125044485373,-0.5807277493123644,0.4076008324473523,0.05313254665788081,-0.540564384944747,-1.3096838596112381,0,1,1,0
0.17491383538757638,0.6293221208082764,-0.027954520622212122,-0.4044381851613375,0.03135188196497872,-0.21790353107070867,1.3395504967647978,-0.2640126542006503,-1.0953196535849332,-1.2598330156087763,0,1,0,1
1.1499345704403134,-1.4603141524896543,0.4872131573589441,-0.40443818516131275,-0.10854583155075276,0.3626152181159405,3.35059977239718,-0.5709273647089063,-1.0281836656603247,-1.0362163725120188,1,0,0,1
0.4828266546164134,0.9431123366173814,-0.5799198540785324,2.1809464883147545,0.3497398649768301,-0.36303321836737096,2.124350214084752,-0.03894186649459597,-1.250792467726132,-1.1729501160616285,1,0,0,1
0.7563321339029533,1.2293167854958762,-0.5799198540785347,3.6991725691914152,-1.3570125044485373,-0.61701017113653,3.9391995603871455,0.05313254665788081,-1.2331251024828138,-1.0946130754863312,1,0,0,1
0.9209175625441323,1.5672446090286847,0.5976062491166454,2.290963019243204,0.3690360854597484,-0.07277384377404637,2.5658000550772257,0.12474597910980718,-0.7631731870105543,-1.017700344739676,1,0,1,0
0.7552363587455553,1.239661427541714,-0.579919854078535,4.381273959289988,0.0409999922064379,-0.6895750147848612,4.086349507384637,-0.45839197085587907,-0.3850915708035483,-1.1373423703455843,1,0,1,0
-0.4643613914384147,-0.053430337946514084,-0.5799198540785361,-0.4044381851613567,0.41727663666705395,-0.7621398584331922,-0.7205487612000817,0.3395862764655863,-0.855043486275808,-1.3609590134423417,0,1,1,0
0.15321748727109605,0.594839706613614,0.6449175204418656,-0.4044381851613504,-0.06512933546417922,0.43518006176427165,-0.13194897321011612,-0.2128602024492743,-0.7879074983511994,-1.2413169878364334,0,1,1,0
0.842898371337395,1.3224192216089048,-0.5799198540785361,4.238252547772848,0.31597136411716886,-0.7621398584331922,3.792049613389654,0.4418911799683383,-0.8126418096918447,-1.017700344739676,1,0,1,0
1.2930428059964918,-1.4603141524896508,1.1390579667229221,4.612308385710301,-0.494470586252828,0.3263327962917749,3.9391995603871455,-0.816459133115511,-1.0387840848063155,-0.9934870776527659,1,0,0,1
0.649822788603868,1.4637972020195793,2.3744089570933764,-0.404438185161352,-0.3786931483407517,1.0519812327750864,-0.2790989202076075,-0.7755371717144102,-0.6112338459180191,-1.114553413087316,1,0,1,0
0.6960645002460635,1.1672482755203646,-0.5799198540785337,4.238252547772848,-0.11819394179221193,-0.5081629056640332,3.9391995603871455,-0.3970090287542279,-0.5546982771394015,-1.1416152998315097,1,0,1,0
-0.2232908568108555,0.2776011671724845,-0.5799198540785361,-0.4044381851613521,0.6874239534570529,-0.7621398584331922,-0.23004893787511038,-0.3356260866525767,-0.8479765401784808,-1.389445210015177,0,1,1,0
-0.24060410429774384,0.22242930446102518,0.14026352097685552,-0.40443818516135355,0.01205566148205554,-0.21790353107070867,-0.32814890254010465,-0.19239922174872393,-0.5299639657987562,-1.346715915155924,0,1,1,0
0.5332323118567212,-1.4603141524896586,1.3861281898634505,1.0257746185126455,-0.23397137970429305,0.5440273272367684,0.8490506734398264,-0.6016188357597319,-0.7419723487185725,-1.1501611588033602,1,0,1,0
1.101501308483322,1.7120709130713871,1.35984415023833,1.9059055544428505,0.10371282379048148,0.7980042800059274,1.8300503200897689,-0.15147726034762313,-0.9433803124923982,-1.0006086267959746,1,0,0,1
0.48260749958493376,0.9775949152371652,0.8236492405570793,1.7738860320880865,-0.3786931483407517,0.7254394363575962,1.2414505320998035,-0.8676115848668869,-0.9292464202977437,-1.212830791263598,1,0,0,1
1.820768121799367,-1.079283105682148,0.22962931836836864,6.724622841782361,-0.0844255559471024,0.10863826534678149,6.293598712347007,-0.3356260866525767,-0.8515100132271444,-0.8439345456453804,1,0,1,0
1.3419143780164424,1.8465525750682483,-0.4053936680358777,1.509846725079072,0.6440075723850263,0.9431339673025897,1.2905005144323005,0.5032741220699894,-1.2719933060181137,-0.9151500370774687,1,0,0,1
1.1718500735882735,-1.1347998665268593,0.3715632576762167,4.634311639436091,-0.1471382725165991,-0.2541859528948742,3.9882495427196427,-0.6834627585619334,-0.36035725946290303,-1.0319434430260936,1,0,1,0
0.8985637493332131,1.4982797806393595,0.3452792180510961,0.04772912481282385,-0.23397137970429305,-0.2541859528948742,3.5958496840596657,-0.3151651059520263,-0.9681146238330434,-1.0461865413125113,1,0,0,1
0.7594003043436677,1.3948323736302541,1.0549489145903468,2.356972780420586,-0.2532676001872114,0.29005037446760934,1.9772002670872604,-0.41747000945477825,-0.9822485160276978,-1.0860672165144807,1,0,0,1
0.7315676153457585,1.205179013347055,-0.5799198540785361,4.1392381683062505,0.19054581596362855,-0.7621398584331922,3.497749719394671,-0.008250395443770377,-0.8868447437137804,-1.108856173772749,1,0,1,0
1.177548104406743,1.674140339669818,-0.5799198540785324,5.360419536986255,-0.012064614121594817,-0.4355980620157021,4.969249189369585,-0.38677853840395265,-0.9398468394437346,-1.0248218938828848,1,0,0,1
1.4190569490972615,-1.11273108855725,-0.5799198540785321,5.756478628649509,0.17124959548070537,-0.4718804838398677,5.263549083364568,-0.5913883454094566,0.7244189664768242,-0.9763953597090647,1,0,1,0
1.0651215732577086,1.5672446090286847,-0.5799198540785357,5.536446091391562,0.05547215756862908,-0.7258574366090267,4.920199207037088,-0.13101627964707274,-0.9822485160276978,-1.02909482336881,1,0,0,1
-1.636183344759832,-1.4603141524896837,-0.5799198540785341,-0.4044381851613567,-1.5412915825822606,-0.61701017113653,-0.7205487612000817,-2.0441179751485348,-3.324941147291669,-2.7971974368989834,0,1,0,1
0.07169181556068512,0.6500115693250732,-0.5799198540785353,-0.40443818516135405,1.1987742563126684,-0.61701017113653,0.015200973787375267,1.2500999176400789,-0.855043486275808,1.853708269802126,0,1,1,0
-1.7760042548438164,-1.460314152489685,-0.5799198540785361,-0.4044381851613567,-1.541291582582261,-0.7621398584331922,-0.7205487612000817,-2.1055009172501857,1.706724474005307,-0.48643277865629686,0,1,1,0
-1.3872232289990072,-0.9948011086926665,-0.579919854078535,-0.40443818516135277,-1.5412915825822575,0.5440273272367684,0.16235092078486665,-1.2461397278270692,1.2191051932897292,0.852418460266964,0,1,1,0
-1.3653077258510473,-0.9706634187564024,-0.5799198540785337,-0.4044381851613527,-1.5412915825822584,1.5962175601375699,0.309500867782358,-1.5735154190358756,0.9470277685426315,0.9948494431311407,0,1,1,0
-1.7961665177399395,-1.4603141524896852,-0.5799198540785361,-0.4044381851613567,-1.541291582582261,-0.7621398584331922,-0.7205487612000817,-2.115731407600461,1.7102579470539705,-0.5163432850577739,0,1,1,0
-1.786085386291878,-1.460314152489685,-0.5799198540785361,-0.4044381851613567,-1.5412915825822608,-0.7621398584331922,-0.7205487612000817,-2.115731407600461,1.7102579470539705,-0.5092217359145652,0,1,1,0
-1.6955743582908034,-1.4603141524896843,-0.5799198540785361,-0.4044381851613563,-1.5412915825822597,-0.7621398584331922,-0.18099895554261325,-1.8190471874424803,1.399312318771573,-0.20726805224251058,0,1,1,0
-0.8143519767113347,-0.34997934665828606,-0.5799198540785361,-0.4044381851613567,-0.02171272436305882,-0.7621398584331922,-0.7205487612000817,-0.35608706735312706,-0.014076900693869581,0.6772283513440267,0,1,1,0
0.4471043844852387,1.0741456749822182,-0.5799198540785325,0.7397320577778517,1.150533705105363,-0.2904683747190398,1.5357504260947863,1.4035572728942067,-1.494602108083921,2.174177981246524,1,0,0,1
0.7705772109491272,1.4465562415599282,0.797365075599766,1.4438368327519522,0.4076285264255948,0.6165921708850995,1.3395504967647978,-0.13101627964707274,-0.1342149843484322,1.5332385583577286,1,0,1,0
-0.8421846657092439,-0.3810135194334813,-0.5799198540785361,-0.4044381851613567,-0.045833114981256036,-0.7621398584331922,-0.7205487612000817,-0.32539559630230147,-0.34975684031691223,0.5006139325924476,0,1,1,0
-0.45581434521071035,0.056913551901525895,-0.5799198540785361,-0.4044381851613567,0.18572176084289654,-0.7621398584331922,-0.7205487612000817,-0.2537821638503751,1.067165852197194,0.8866018961543664,0,1,1,0
-0.5149862037102021,-0.012051440912917015,-0.5799198540785361,-0.4044381851613567,0.4606932477681744,-0.7621398584331922,-0.7205487612000817,0.5544265738213655,-0.6324346842100008,1.0489732166195278,0,1,1,0
-0.8012026748225588,-0.3327381395609565,-0.579919854078535,-0.40443818516135543,-0.12301799691294393,-0.6532925929606955,-0.47529884953759605,-0.3663175577034023,0.9576281876886222,0.6159830287124307,0,1,1,0
-0.5842391936577555,-0.08791275214117314,-0.5799198540785361,-0.4044381851613567,0.32561947435862804,-0.7621398584331922,-0.7205487612000817,-0.02871137614432077,-0.6359681572586644,0.8168107145509198,0,1,1,0
-0.9912100871153714,-0.5465292719929805,-0.5799198540785355,-0.4044381851613548,-0.4172857043211449,-0.6895750147848612,-0.32814890254010465,-0.7653066813641349,1.2085047741437382,0.4165796527025833,0,1,1,0
-1.6703715296706496,-1.4603141524896839,-0.5799198540785361,-0.4044381851613567,-1.541291582582259,-0.7621398584331922,-0.7205487612000817,-1.9213520909452322,-0.8232422288378355,-1.7554928359761113,0,1,1,0
-0.6175507584426546,-0.07067146283128294,-0.5799198540785361,-0.4044381851613567,0.35938797521828925,-0.7621398584331922,-0.7205487612000817,-0.45839197085587907,1.1378353131704662,-0.094747575779811,0,1,1,0
-0.490440840184487,0.08105115962522931,-0.5799198540785361,-0.4044381851613567,0.5668224604242447,-0.7621398584331922,-0.7205487612000817,-0.49931393225697984,1.1519692053651207,-0.06626137920697565,0,1,1,0
-0.9265593528288896,-0.44308194719643235,-0.579919854078535,-0.4044381851613539,-0.36422098297856054,-0.6532925929606955,-0.4262488672050989,-1.235909237476794,-0.2861543254409673,-1.1757987357189121,0,1,1,0
-0.10056403918227991,0.3327730298839438,-0.5799198540785361,-0.4044381851613567,-1.541291582582261,-0.7621398584331922,-0.7205487612000817,-2.136192388301011,1.7173248931512977,-0.33830455647755314,0,1,1,0
-0.0017251199849806357,-1.4603141524896663,-0.5799198540785333,-0.4044381851613502,-0.9093397866938373,-0.4718804838398677,0.015200973787375267,-1.1540653146745925,0.9894294451265947,-0.3098183599047178,0,1,1,0
0.43789987316309553,0.9120782460547469,-0.5799198540785355,-0.4044381851613531,1.5654029055463723,-0.7258574366090267,-0.2790989202076075,1.3319438404422805,-1.2896606712614316,-0.07195861852154273,1,0,0,1
-0.5583788999431628,-0.1499811799041277,-0.5799198540785361,-0.4044381851613567,0.29185108851351366,-0.7621398584331922,-0.7205487612000817,0.19635941156173356,-0.7137045643292638,-0.5234648342009828,0,1,1,0
-0.7600015289043941,-1.350659968474332,-0.5799198540785361,-0.4044381851613567,-1.3878864802241218,-0.7621398584331922,-0.7205487612000817,-0.15147726034762313,-0.8126418096918447,-0.6673201268938013,0,1,1,0
-1.7933175023307046,-1.4603141524896852,-0.5799198540785361,-0.4044381851613567,-1.541291582582261,-0.7621398584331922,-0.7205487612000817,-2.1055009172501857,1.4452474684042,-1.2655302549233434,0,1,1,0
-1.3008761465960452,-0.9258362391970646,-0.5799198540785357,-0.4044381851613531,-1.0009968914949898,-0.7258574366090267,-0.2790989202076075,-1.5428239479850498,-0.459294504825484,-1.0262462037115265,0,1,1,0
0.15628565771181044,0.6051843486594517,-0.5799198540785361,-0.4044381851613567,1.3483200800698592,-0.7621398584331922,-0.7205487612000817,1.0454901106345749,-1.2366585755314776,-0.21723822104300294,0,1,0,1
0.16264115362471881,0.6120809959235076,-0.5799198540785361,-0.4044381851613493,1.0202841018310955,-0.7621398584331922,0.16235092078486665,0.9943376588831989,-0.9999158812710158,-0.18875202447016762,0,1,0,1
-0.9883610717061365,-0.6051494583364644,-0.5799198540785361,-0.4044381851613567,-1.5412915825822593,-0.7621398584331922,-0.7205487612000817,-1.7883557163916546,1.0989671096351665,-0.7983566311288438,0,1,1,0
-0.8134753565854164,-0.4189442572601717,-0.5799198540785357,-0.4044381851613478,-0.504118696494292,-0.7258574366090267,0.2114009031173638,-0.3356260866525767,-0.8656439054217988,-0.6644715072365177,0,1,1,0
-0.7181429178917906,-0.31894517388309085,-0.5799198540785361,-0.4044381851613567,0.05547215756862908,-0.7621398584331922,-0.7205487612000817,0.24751186331310954,-1.4416000123539667,-0.5804372273466535,0,1,0,1
-0.9053013147753685,-0.5154950992177854,-0.5799198540785357,-0.4044381851613545,-0.34974881761636933,-0.7258574366090267,-0.47529884953759605,-0.18216873139844872,-0.9257129472490802,-0.6730173662083684,0,1,0,1
0.2294834382259966,0.6810458243128291,-0.5799198540785361,-0.40443818516135366,1.3193757493454767,-0.7621398584331922,-0.32814890254010465,1.8536988483063155,-1.448666958451294,-0.05486690057784152,0,1,0,1
0.3697426583729401,-1.231350708484473,-0.5799198540785331,-0.4044381851613466,0.9430992198994076,-0.4718804838398677,0.309500867782358,0.8101888325782454,-1.0776522883416153,-0.16596306721189935,0,1,0,1
0.562818241106467,1.0327667779486245,-0.579919854078534,1.7078761397609667,0.8273216669727844,-0.5444453274881988,1.5848004084272833,0.9329547167815477,-0.9681146238330434,-0.04062380229142385,1,0,0,1
0.5709269772712122,1.0500080672585148,-0.048981752322306456,-0.4044381851613531,1.3241999194807557,-0.2904683747190398,-0.32814890254010465,1.5365536474477843,-1.420399174061985,0.020621520340172124,1,0,0,1
-0.04862429672161488,-1.2754882315386646,-0.5799198540785337,-0.40443818516134805,0.44622096739143635,-0.5444453274881988,0.16235092078486665,0.8204193229285206,-1.1659891145582053,-0.25284596675904714,0,1,0,1
0.002000515550172552,0.44311691973198036,-0.579919854078534,1.3668254447116694,0.15195337499778702,-0.5444453274881988,1.1433505674348092,-0.13101627964707274,-0.9151125281030893,-0.3710636825363138,0,1,0,1
-1.5255100538626345,-1.4603141524896825,-0.5799198540785361,-0.4044381851613567,-1.5412915825822573,-0.7621398584331922,-0.7205487612000817,-1.4507495348325732,-0.41689282824152074,-1.0817942870285555,0,1,1,0
0.22992174828895579,0.6913904663586669,-0.5799198540785361,-0.40443818516135194,1.2132465366894065,-0.7621398584331922,-0.18099895554261325,1.3830962921936565,-1.3037945634560861,-0.11753653303807926,0,1,0,1
0.3147347454715607,0.7707001012189509,-0.5799198540785331,0.7727370695162804,0.7887292260069381,-0.4718804838398677,0.5547507794448437,0.7999583422279702,-1.006982827368343,-0.1673873770405411,0,1,0,1
0.4858948250571277,0.9603536259272716,-0.579919854078533,-0.4044381851613504,1.2807833083796352,-0.4718804838398677,-0.082898990877619,1.0659510913351253,0.537144894897653,-0.10044481509437807,1,0,1,0
1.1935464217047538,1.8120699964484646,0.8026220088569798,-0.2493151021297953,1.0878208735213242,0.2174855308192782,0.9471506381048207,1.2194084465892532,0.010657410646775665,0.2527840224087801,1,0,1,0
0.2875595215680904,0.7534589763341821,-0.579919854078534,-0.4044381851613516,1.0926450436565982,-0.5444453274881988,-0.18099895554261325,1.0761815816854006,-0.9257129472490802,-0.12323377235264633,0,1,0,1
-0.06023951339003364,0.3776002505495619,-0.5799198540785351,0.7507336846407413,0.4269247469085132,-0.6532925929606955,0.6528507441098379,0.7181144194257686,-1.3002610904074225,-0.27705923384595715,0,1,0,1
-0.9949357226505245,-0.6120459411753989,-0.5799198540785361,-0.4044381851613567,-0.35457287273710136,-0.7621398584331922,-0.7205487612000817,-0.5709273647089063,-1.2401920485801412,-0.7983566311288438,0,1,0,1
0.47471791845166816,0.9396641774104748,-0.5799198540785353,-0.40443818516135055,-1.541291582582231,-0.6895750147848612,-0.033849008545121864,1.6900110027019124,-1.6394745030791287,-0.010713295889946748,1,0,0,1
0.2794507854033452,0.7362176870242885,-0.579919854078535,-0.40443818516135166,1.2084223665541325,-0.6532925929606955,-0.13194897321011612,1.2296389369395284,-1.4097987549159943,-0.13177963132449694,0,1,0,1
0.2009932841336487,0.6534598929571012,-0.579919854078535,-0.40443818516134855,0.9575712702470519,-0.6532925929606955,0.16235092078486665,1.0454901106345749,-1.3426627669913858,-0.1716603065264664,0,1,0,1
-1.79594736270846,-1.4603141524896852,-0.5799198540785361,-0.4044381851613567,-1.541291582582261,-0.7621398584331922,-0.7205487612000817,-2.115731407600461,-3.370876296924296,-2.7971974368989834,0,1,0,1
0.41861423039289075,1.2224203026569451,-0.5799198540785361,-0.4044381851613567,-1.541291582582261,-0.7621398584331922,-0.7205487612000817,-2.136192388301011,1.7173248931512977,0.858115699581531,1,0,1,0
0.6094982628116218,1.4534525599737416,-0.5799198540785357,-0.4044381851613498,0.3304436444939069,-0.7258574366090267,-0.033849008545121864,-0.6016188357597319,1.1343018401218026,1.0532461461054532,1,0,1,0
0.14269804576007528,0.89138879753795,-0.5799198540785354,0.7727370695162804,1.169829925588286,-0.39931564019153654,0.9962006204373177,0.10428499840925678,-0.03174426593718761,0.919361022213127,0,1,1,0
0.11968676745471736,0.8603545425501942,-0.5799198540785361,-0.4044381851613567,1.7053006190621036,-0.7621398584331922,-0.7205487612000817,0.9227242264312726,-0.41335935519285716,1.0162140905607673,0,1,1,0
-0.35763289110784985,0.28449765001141564,-0.579919854078535,-0.4044381851613523,0.605414901390091,-0.5444453274881988,-0.2790989202076075,0.4521216703186135,-1.2189912102881595,1.0261842593612596,0,1,0,1
-0.7784105515486804,-0.2258425733449445,-0.5799198540785361,-0.4044381851613567,0.18572176084289654,-0.7621398584331922,-0.7205487612000817,-0.07986382789569675,-0.8232422288378355,0.31260503521173433,0,1,1,0
0.6130047433152953,1.677588663301846,1.2915055218808227,-0.4044381851613523,-1.2933349193476216,0.2174855308192782,-0.32814890254010465,0.3088948054147607,0.22266579356659208,1.3124705349182546,1,0,1,0
0.43154437725018713,1.239661427541714,0.14026352097685552,-0.40443818516134916,1.242190867413789,-0.03649142194988081,0.0642509561198724,0.41119970891751273,-0.8833112706651168,0.9435742893000371,1,0,1,0
0.513070048960598,1.339660510918795,-0.0016704183309925135,1.4878434713532815,1.0106359915896364,-0.07277384377404637,1.3395504967647978,0.19635941156173356,-0.9115790550544257,1.0404273576476772,1,0,0,1
0.4039308432837576,1.205179013347055,-0.5799198540785341,-0.40443818516135244,1.825902112094912,-0.5081629056640332,-0.13194897321011612,0.6465009869738423,-0.35682378641423945,1.0204870200466925,1,0,1,0
0.8606499288872425,1.7603464573690333,1.1548283904979955,0.8167435769678612,0.8321458371080632,2.031606622027557,0.5057007971123466,0.11451548875953199,-0.03174426593718761,1.6970341886515317,1,0,1,0
1.1010629984203628,-1.1092828306952727,-0.5799198540785124,-0.4044381851613532,1.0395803223140185,1.342240607368411,-0.47529884953759605,0.063363037008156,-0.7243049834752545,1.3580484494347913,1,0,1,0
0.44513198920192226,1.2569027168516076,-0.012184034181044938,-0.40443818516135116,1.4978661338561434,-0.2541859528948742,-0.32814890254010465,0.3088948054147607,-1.3073280365047497,0.7584140115766074,1,0,0,1
1.0407953647634731,1.9775859134330853,-0.5799198540785322,1.135791018291357,2.2407713125359163,-0.36303321836737096,0.8000006911073293,0.943185207131823,0.35340429636714554,1.3324108725192394,1,0,1,0
0.27375275458487563,1.0500080672585148,-0.5799198540785312,0.761735311503642,1.0009878813481723,-0.2541859528948742,0.4076008324473523,0.1554374501606328,-0.9928489351736887,0.8210836440368451,0,1,0,1
0.6533292691075416,1.5086244226852008,-0.5799198540785324,2.356972780420586,-1.2812747700443408,-0.36303321836737096,1.6338503907597806,0.32935578611531113,-0.953980731638389,1.0276085691899013,1,0,0,1
0.40809478888187,-1.4603141524896586,0.09820899491056778,-0.404438185161352,1.367616530581876,-0.07277384377404637,-0.2790989202076075,0.25774235366338477,-0.2684869601976493,0.8780560371825158,1,0,1,0
0.2235662523760474,0.987939557283003,-0.5799198540785319,-0.40443818516134694,1.0733488231736799,-0.2904683747190398,0.0642509561198724,0.27820333436393513,0.7809545352554419,0.8922991354689335,0,1,1,0
0.9469970112902046,1.8637938643781387,-0.5799198540785324,-0.40443818516133473,1.8066058916119887,-0.2541859528948742,1.3886004790972948,0.9329547167815477,-1.4734012697919392,1.3252893233760306,1,0,0,1
0.44776184957967746,-1.1882476496348653,-0.048981752322306456,-0.4044381851613493,1.4496253526197491,-0.3267507965432054,0.015200973787375267,0.32935578611531113,-1.3249954017480676,0.8168107145509198,1,0,0,1
0.4129161995744212,1.436211270663848,1.4018986136385239,-0.4044381851613559,0.6536556826264854,0.43518006176427165,-0.5243488318700932,-0.049172356844871166,-0.06707899642382369,1.1315831866807502,1,0,1,0
0.9895130873972469,1.9155174034575735,0.014100005444080866,-0.40443818516134816,2.2600675330188396,-0.10905626559821195,0.16235092078486665,0.9943376588831989,0.10606118296069304,1.3352594921765228,1,0,1,0
0.912370516316428,1.822414967344545,0.8867309356573729,-0.4044381851613465,1.256663147790527,0.5077449054126028,0.309500867782358,0.4316606896180631,-1.1377213301688964,1.1529478341103767,1,0,0,1
0.30487276905497873,1.0844904814531773,-0.5799198540785327,1.4328352058890625,0.9141548891750252,-0.3267507965432054,1.1924005497673063,-0.10032480859624715,-0.20488444532170436,0.778354349177592,0,1,1,0
1.0876945415001074,-1.111006959626263,0.5292676207591434,1.8949039275799497,1.3193757493454767,0.43518006176427165,1.486700443762289,0.5441960834710903,0.5159440566056714,1.5275413190431615,1,0,1,0
2.671171827077017,-0.8554919991423697,4.387768272360589,2.6430153411553796,1.0299322120725547,2.412572051181295,2.0262502494197574,0.5237351027705399,-1.5758719882031837,2.3778542867422963,1,0,0,1
1.9912707362904951,-0.9644565595375971,4.619068322390413,0.981768111061065,0.01687971660278754,2.412572051181295,1.1433505674348092,-0.3151651059520263,-1.3355958208940586,2.2525150218218206,1,0,0,1
0.4396531134149323,-1.1892821138394494,-0.5799198540785343,-0.4044381851613487,1.734244949786486,-0.5444453274881988,0.2114009031173638,0.5032741220699894,0.23326621271258288,0.9407256696427535,1,0,1,0
0.4574046709647798,1.2706956825294733,-0.5799198540785319,-0.4044381851613496,1.5750510157878315,-0.2904683747190398,-0.033849008545121864,0.5953485352224662,-1.0811857613902789,1.0090925414175584,1,0,0,1
0.4359274778797791,1.243109751173742,-0.5799198540785333,-0.40443818516134805,1.6088195166474926,-0.4718804838398677,0.16235092078486665,0.4828131413694391,-0.33915642117092143,0.8566913897528893,1,0,1,0
-1.0613396971888431,-0.567218802722338,-0.5799198540785361,-0.4044381851613567,-0.29186015616760463,-0.7621398584331922,-0.7205487612000817,-1.0312994304712901,-0.4557610317768204,-1.0390649921693025,0,1,1,0
-1.0817211151164459,-0.701700300294078,-0.5799198540785361,-0.4044381851613567,-0.4799984208906368,-0.7621398584331922,-0.7205487612000817,-0.13101627964707274,-0.5900330076260375,-0.34115317613483664,0,1,1,0
-1.1507549500325196,-0.7741134523154309,-0.5799198540785361,-0.4044381851613567,-0.5813036934405268,-0.7621398584331922,-0.7205487612000817,-0.15147726034762313,-0.4027589360468663,-0.36679075305038844,0,1,1,0
-0.9287509031436856,-0.539632789154046,-0.5799198540785361,-0.4044381851613567,-0.2532676001872114,-0.7621398584331922,-0.7205487612000817,0.22705088261255915,-0.8373761210324899,-0.22578408001485356,0,1,1,0
-0.2221950816534575,0.20518801515113153,-0.5799198540785361,-0.4044381851613567,0.7887292260069381,-0.7621398584331922,-0.7205487612000817,1.4444792342953077,-0.8585769593244716,0.20435748823496006,0,1,1,0
-0.935106399056594,-0.5465292719929805,-0.5799198540785361,-0.4044381851613567,-0.2629157104286754,-0.7621398584331922,-0.7205487612000817,0.16566794051090797,-0.8409095940811535,-0.24572441761583827,0,1,1,0
-1.302629386847882,-0.936180963455463,-0.5799198540785361,-0.4044381851613567,-0.8080345141439522,-0.7621398584331922,-0.7205487612000817,-0.969916488369639,0.9364273493966406,-0.5975289452903547,0,1,1,0
-0.45077377948667957,0.0017415247649452265,-0.5799198540785255,-0.40443818516135355,-0.6005999139234451,0.14492068717094705,-0.4262488672050989,-0.47885295155642943,1.0353645947592216,-0.14887134926819814,0,1,1,0
-1.3473370132697202,-0.9810081430148008,-0.5799198540785361,-0.4044381851613567,-0.8707472882207175,-0.7621398584331922,-0.7205487612000817,-0.8983030559177125,-0.20841791837036797,-0.5676184388888776,0,1,1,0
-1.3455837730178835,-0.9810081430148008,-0.5799198540785361,-0.4044381851613567,-0.8707472882207175,-0.7621398584331922,-0.7205487612000817,-0.7346152103133093,-0.3992254629982027,-0.5391322423160423,0,1,1,0
-0.9649114833378194,-0.5775635269807364,-0.5799198540785361,-0.4044381851613567,-0.315980431771255,-0.7621398584331922,-0.7205487612000817,0.063363037008156,-0.6995706721346093,-0.2884537124750913,0,1,1,0
-0.30262497820647044,0.11898189745191633,-0.5799198540785361,-0.4044381851613567,0.6681277329741298,-0.7621398584331922,-0.7205487612000817,1.106873052736226,-0.8762443245677897,0.11320165920188698,0,1,1,0
-0.8434995958981214,-1.3592805802442536,-0.5799198540785361,-0.4044381851613567,-1.3999466295274026,-0.7621398584331922,-0.7205487612000817,-0.07986382789569675,1.0070968103699127,-0.28987802230373305,0,1,1,0
-0.7034595307826575,-0.30170396678575784,-0.5799198540785361,-0.4044381851613567,0.07959243317228426,-0.7621398584331922,-0.7205487612000817,0.3600472571661367,0.8551574692773777,-0.1502956590968399,0,1,1,0
-1.0578332166851696,-0.6775626103578173,-0.5799198540785361,-0.4044381851613567,-0.4462300350455273,-0.7621398584331922,-0.7205487612000817,-0.3049346156017511,-0.1342149843484322,-0.40239849876643263,0,1,1,0
-0.41329826910366807,0.0603617111084325,0.6869721091742523,-0.4044381851613563,-0.595775858802718,0.29005037446760934,-0.6714987788675846,-0.2947041252514759,-0.40629240909552994,-0.08762602663660216,0,1,1,0
-0.21233310523687554,0.2741530079655779,0.797365075599766,-0.4044381851613564,-0.3931653137029429,0.3988976399401061,-0.6714987788675846,-0.15147726034762313,-0.40629240909552994,0.012075661368321522,0,1,1,0
-0.8150094418057735,-0.4223924986796356,-0.5799198540785361,-0.4044381851613567,-0.08924961106782958,-0.7621398584331922,-0.7205487612000817,0.27820333436393513,-0.6783698338426276,-0.21296529155707764,0,1,1,0
-0.7749040710450069,-0.3775652780140174,-0.5799198540785361,-0.4044381851613567,-0.031360834604517995,-0.7621398584331922,-0.7205487612000817,0.17589843086118317,0.537144894897653,-0.22293546035757,0,1,1,0
-0.4360903923775464,-0.018947923751851586,-0.5799198540785361,-0.4044381851613567,0.4751652981158187,-0.7621398584331922,-0.7205487612000817,0.8306498132787958,-0.5546982771394015,0.014924281025605056,0,1,1,0
-0.6530538735423497,-0.24998026328120515,-0.5799198540785361,-0.4044381851613567,0.15195337499778702,-0.7621398584331922,-0.7205487612000817,0.31912529576503595,-0.7525727678645634,-0.15171996892548167,0,1,1,0
-0.2853117307195821,-1.460314152489669,0.581835825341572,-0.40443818516135466,-0.4076375940796809,0.2174855308192782,-0.5243488318700932,-0.09009431824597196,-1.0140497734656704,-0.02353208434772265,0,1,0,1
-0.15557195208365932,0.32587654704500923,0.7237697646494253,-0.40443818516135555,-0.2966842112883366,0.3263327962917749,-0.6224487965350874,0.24751186331310954,-0.809108336643181,0.09753425108682753,0,1,1,0
-1.1590828412287444,-0.7844581765738293,-0.5799198540785361,-0.4044381851613567,-0.595775858802718,-0.7621398584331922,-0.7205487612000817,-0.2947041252514759,-0.20135097227304075,-0.40239849876643263,0,1,1,0
-0.9668838786211358,-0.5810117684002037,-0.5799198540785354,-0.40443818516135405,-1.4361270774372452,-0.6895750147848612,-0.4262488672050989,-0.2435516735000999,-0.7773070792052087,-0.3311830073343443,0,1,1,0
-0.810407186144702,-0.41549601584070445,-0.5799198540785361,-0.4044381851613567,-0.0796015008263704,-0.7621398584331922,-0.7205487612000817,0.20658990191200877,-0.5122966005554381,-0.20157081292794352,0,1,1,0
-0.6637924700848501,-0.22239433192547722,0.539781361941378,-0.40443818516135466,-1.541291582582255,0.18120310899511263,-0.5243488318700932,-1.0312994304712901,-0.31088863678161255,-0.326910077848419,0,1,1,0
-0.19918380334809957,0.2293257872999563,-0.5799198540785361,-0.404438185161354,0.701896233833791,-0.7621398584331922,-0.32814890254010465,1.0147986395837494,-0.7808405522538723,0.10038287074411106,0,1,1,0
-0.6436302071887269,-0.23963553902280674,-0.5799198540785361,-0.4044381851613567,0.1664255403599782,-0.7621398584331922,-0.7205487612000817,0.5851180448721911,-1.105920072730924,-0.10186912492301983,0,1,0,1
-0.9416810500009819,-0.5534257548319117,-0.5799198540785361,-0.4044381851613567,-0.27256382067013457,-0.7621398584331922,-0.7205487612000817,0.22705088261255915,-0.6041668998206919,-0.24430010778719652,0,1,1,0
0.1957335633781383,-1.2496263962289,-0.5799198540785243,-0.4044381851613457,-0.16161055289333234,0.47146248358843723,0.35855085011485516,0.23728137296283436,-1.1730560606555327,0.20863041772088536,0,1,0,1
-1.631361934067281,-1.4603141524896837,-0.5799198540785361,-0.4044381851613567,-1.5412915825822586,-0.7621398584331922,-0.7205487612000817,-1.5428239479850498,-2.0281565384321256,-1.6244563317410685,0,1,0,1
-0.6743119115958708,-0.2913591603148022,-0.5799198540785361,-0.4044381851613567,0.09406471354901748,-0.7621398584331922,-0.7205487612000817,1.1171035430865013,0.5936804636762708,-0.6317123811777571,0,1,1,0
-0.7087192515381678,-0.3258416567220219,0.07192495528544197,-0.40443818516135194,-0.7646179605501052,-0.07277384377404637,-0.3771988848726018,-0.8369201138160614,1.176703516705766,-0.8980583191337675,0,1,1,0
-0.3096379392138176,0.08794764246416044,-0.5799198540785361,-0.4044381851613567,0.6247111218730094,-0.7621398584331922,-0.7205487612000817,0.7181144194257686,0.7314859125741514,-0.6131963534054141,0,1,1,0
-0.09135952786013674,0.3155319049991715,-0.579919854078533,-0.40443818516134744,0.25808270266840416,-0.14533868742237752,0.7509507087748322,0.5441960834710903,0.6254817211142433,-0.3297586975057025,0,1,1,0
-0.20225197378881396,0.20173985594422839,-0.5799198540785332,-0.4044381851613485,-1.5412915825822442,-0.4718804838398677,-0.13194897321011612,1.0147986395837494,0.5583457331896348,-0.5063731162572817,0,1,1,0
0.3116665750308463,0.7465624934952475,-0.5799198540785332,0.8497484575565631,0.7308405645581734,-0.5081629056640332,0.2114009031173638,0.9738766781826486,0.5512787870923075,-0.3354559368202696,0,1,1,0
0.15957298318400442,0.5775984173037237,-0.5799198540785309,-0.4044381851613465,-1.5412915825822417,-0.2541859528948742,0.015200973787375267,1.2500999176400789,0.4452745956323993,-0.33688024664891136,0,1,1,0
-0.6160166732222974,-1.3372118187171576,-0.5799198540785359,-0.40443818516135277,-0.016888669242326817,-0.7258574366090267,-0.2790989202076075,0.4009692185672375,0.8056888465960872,-0.6787146055229354,0,1,1,0
-0.7470713820470978,-0.3672205537556156,-0.5799198540785361,-0.4044381851613567,-0.012064614121594817,-0.7621398584331922,-0.7205487612000817,0.13497646946008238,0.932893876347977,-0.8040538704434109,0,1,1,0
1.2121745993805197,1.67069201603779,-0.5799198540785339,-0.40443818516134605,2.173234310816599,-0.5444453274881988,0.309500867782358,2.2833794430178735,-0.3886250438522119,0.19011438994854238,1,0,1,0
0.30443445899201954,0.7293212041853573,0.14026352097685552,-0.4044381851613402,0.13265715451486385,-0.03649142194988081,0.5057007971123466,0.6567314773241174,0.5936804636762708,-0.3682150628790302,0,1,1,0
-0.28969483134917406,0.1086372554060786,-0.5799198540785343,-0.4044381851613545,0.39315647607795046,-0.5807277493123644,-0.47529884953759605,1.0147986395837494,0.5936804636762708,-0.3810338513368061,0,1,1,0
0.0769515363161955,0.49139229960450853,-0.5799198540785361,-0.4044381851613567,1.1843022059650241,-0.7621398584331922,-0.7205487612000817,1.9048513000576914,0.3216030389291731,-0.25569458641633064,0,1,1,0
-0.025613018416256957,0.3844967333884965,-0.579919854078533,-0.404438185161354,0.6343594621435671,-0.10905626559821195,-0.23004893787511038,1.3421743307925555,0.13786244039866552,-0.18163047532695878,0,1,1,0
0.2051572297317611,0.6258739616013699,-0.5799198540785337,1.8288941664025677,0.19054581596362855,-0.3267507965432054,1.2905005144323005,0.7590363808268694,0.38167208075645437,-0.1844790949842423,0,1,1,0
0.2947916376069172,0.7189765621395197,0.45041550188377116,-0.40443818516134694,0.12783309939413184,0.2174855308192782,-0.033849008545121864,1.05572060098485,0.47000890697304454,-0.36251782356446316,0,1,1,0
0.2715612042700797,-1.4603141524896637,-0.579919854078536,-0.4044381851613537,1.3290238595869408,-0.7258574366090267,-0.18099895554261325,1.618397570249986,0.10959465600935665,-0.23860286847262946,0,1,1,0
-0.08303163666391197,0.32587654704500923,-0.0437249443972855,1.630864751720684,-0.4269338145626041,-0.21790353107070867,0.701900726442335,-0.12078578929679755,0.501810164411017,-0.6188935927199812,0,1,1,0
0.46178777159437184,0.89138879753795,-0.5799198540785336,1.6748712591722756,0.610239071525365,-0.5081629056640332,0.701900726442335,0.8613412843296214,0.5548122601409711,-0.3525476547639708,1,0,1,0
-1.0484095503315467,-0.6775626103578173,-0.5799198540785361,-0.4044381851613567,-0.4462300350455273,-0.7621398584331922,-0.7205487612000817,-0.19239922174872393,0.5901469906276072,-0.9407876139930205,0,1,1,0
-0.0703206448380952,0.33966951272287493,-0.5799198540785361,-0.4044381851613567,0.976867490729975,-0.7621398584331922,-0.7205487612000817,1.782085415854389,0.36400471551313635,-0.4080957380809997,0,1,1,0
-0.6453834474405638,-0.26032498753960354,-0.579919854078533,-0.40443818516135366,-0.2870361010468726,-0.00020900012571523354,-0.23004893787511038,0.28843382471421036,0.7703541161094511,-0.5690427487175194,0,1,1,0
-0.6530538735423497,-0.2672214703785381,-0.5799198540785361,-0.4044381851613567,0.12783309939413184,-0.7621398584331922,-0.7205487612000817,0.4418911799683383,0.8268896848880688,-0.7271411396967555,0,1,1,0
0.5257810407864149,0.9569054667203684,-0.048981752322306456,-0.4044381851613512,1.1167654342748004,-0.2541859528948742,-0.32814890254010465,1.6490890413008115,0.3322034580751639,-0.1289310116672134,1,0,1,0
-0.9767458550377178,-0.6051494583364644,-0.5799198540785361,-0.4044381851613567,-0.34492476249563736,-0.7621398584331922,-0.7205487612000817,-0.06963333754542156,1.0035633373212491,-0.8980583191337675,0,1,1,0
0.00550699605384614,0.4155309883762524,0.2664270365096302,-0.4044381851613457,-0.17608271825552835,0.07235584352261591,0.0642509561198724,0.24751186331310954,0.5724796253842891,-0.540556552144684,0,1,1,0
-0.365741627272595,0.03277577975270112,0.3663064497511904,-0.4044381851613512,-0.5668315280783356,1.6324999819617356,0.9962006204373177,0.29866431506448554,0.22973273966391927,0.4464901591040604,0,1,1,0
0.7098712672292782,1.1500071506355956,-0.5799198540785337,1.3778270715745702,1.1215893743809806,-0.5444453274881988,0.7509507087748322,1.3319438404422805,0.39227249990244517,-0.1844790949842423,1,0,1,0
-0.38941037067239176,-1.4603141524896706,-0.5799198540785322,0.8277452038307619,-0.3883412585822157,-0.36303321836737096,0.16235092078486665,0.11451548875953199,0.8374901040340597,-0.6601985777505924,0,1,1,0
0.1963910284725771,0.6155291551304107,-0.5799198540785346,1.5978598711319931,0.35938797521828925,-0.61701017113653,0.8000006911073293,1.1784864851881525,0.4488080686810629,-0.31551559921928485,0,1,1,0
-0.41746221470178047,-0.022396082958754743,-0.5799198540785361,-0.4044381851613567,0.4703413580096384,-0.7621398584331922,-0.7205487612000817,0.3907387282169623,-0.7702401331078814,-1.2826219728670445,0,1,1,0
-0.2189077561812635,0.567253775257886,-0.5799198540785361,-0.4044381851613567,1.2807833083796352,-0.7621398584331922,-0.7205487612000817,0.5544265738213655,-0.8338426479838263,0.8467212209523969,0,1,1,0
-0.2925438467584089,0.46380636824877713,-0.5799198540785361,-0.4044381851613567,1.150533705105363,-0.7621398584331922,-0.7205487612000817,0.5032741220699894,-0.6253677381126735,0.7769300393489503,0,1,1,0
-0.07711445081396279,0.7362176870242885,-0.5799198540785361,-0.4044381851613567,1.531634404686711,-0.7621398584331922,-0.7205487612000817,0.636270496623567,-0.6430351033559916,0.8994206846121423,0,1,1,0
-0.3738503634373402,0.3603591256647931,-0.5799198540785357,-0.4044381851613521,0.7694330055240197,-0.7258574366090267,-0.32814890254010465,0.4828131413694391,-0.03527773898585122,0.7740814196916668,0,1,1,0
0.6417140524391228,1.6534507267278997,-0.5799198540785349,-0.404438185161343,2.096049428884911,-0.6532925929606955,0.4566508147798494,1.2910218790411796,-1.4062652818673307,1.38938326566491,1,0,0,1
0.9818426612954609,-1.4248317145762286,-0.5799198540785311,3.40212838159371,1.2952555887563733,-0.3267507965432054,2.516750072744729,0.9534156974820982,-1.8267485746582999,1.4833877143552667,1,0,0,1
0.1957335633781383,1.0844904814531773,0.3768201282673367,1.2348057912071677,0.4221008068023328,0.03607342169845034,0.7509507087748322,-0.18216873139844872,-0.226085283613686,0.9407256696427535,0,1,1,0
-0.32958104707846114,0.4155309883762524,-0.5799198540785315,-0.4044381851613527,0.47998946825109756,-0.39931564019153654,-0.32814890254010465,-0.3049346156017511,-0.6960371990859456,0.6544393940857584,0,1,1,0
0.12735719355650332,0.998284363753962,-0.5799198540785353,0.948763230472374,1.2228946469308706,-0.6895750147848612,0.701900726442335,0.5237351027705399,-0.8373761210324899,1.0090925414175584,0,1,1,0
-0.36859064268182984,0.36725560850372424,-0.5799198540785344,1.8508974201283581,-0.12301799691294393,-0.61701017113653,1.2905005144323005,-0.663001777861383,-0.1872170800783863,0.5362216783084918,0,1,1,0
-1.43499902586156,-0.9948011086926665,-0.5799198540785361,-0.4044381851613567,-0.8900435087036407,-0.7621398584331922,-0.7205487612000817,-1.3995970830811972,1.3675110613336006,-0.1588415180686905,0,1,1,0
1.5152660079168054,-1.0372145110371245,-0.5799198540785321,3.1600923283104967,2.4482060277709654,-0.4355980620157021,2.516750072744729,2.0378476746112693,-1.7136774371010643,1.9064077334618714,1,0,0,1
1.498610225524356,-1.0389386399681149,0.05089772358534764,5.22840001463149,1.2952555887563733,-0.21790353107070867,3.9391995603871455,0.7385754001263191,-1.455733904548621,1.688488329679681,1,0,0,1
0.20932117532987346,1.101731606337946,-0.5799198540785335,-0.4044381851613477,-1.2465415271692633,-0.5444453274881988,0.015200973787375267,0.6260400062732918,-0.791440971399863,1.0133654709034836,0,1,1,0
-0.4610740659662207,0.2465669121847286,-0.5799198540785357,-0.4044381851613529,0.6488315124912114,-0.7258574366090267,-0.32814890254010465,0.0735935273584312,-0.6677694146966369,0.6145587188837889,0,1,1,0
-0.255287491406877,0.5120817481213054,-0.5799198540785356,-0.404438185161348,0.7646090654178346,-0.7258574366090267,0.0642509561198724,0.29866431506448554,-0.7808405522538723,0.791173137635368,0,1,1,0
0.17776285079681117,1.0638010329363805,0.014100005444080866,-0.4044381851613521,1.242190867413789,-0.2541859528948742,-0.2790989202076075,0.23728137296283436,-0.7631731870105543,0.9692118662155889,0,1,1,0
0.3765364643488077,1.3155229031950915,-0.022697712697185908,-0.4044381851613466,1.3869127510647992,-0.3267507965432054,0.2114009031173638,0.5953485352224662,-0.9257129472490802,1.157220763596302,0,1,0,1
0.42343564108544196,1.377591084320364,-0.5799198540785344,1.8288941664025677,1.2952555887563733,-0.61701017113653,1.045250602769815,0.5544265738213655,-0.7985079174971903,1.0860052721642137,1,0,1,0
-0.21189479517391635,0.5810467409357517,-0.5799198540785341,1.509846725079072,0.2725548680305953,-0.5807277493123644,1.2414505320998035,-0.14124676999734795,0.6254817211142433,0.7213819560319215,0,1,1,0
0.27221866936451844,1.1844895648302582,-0.5799198540785361,-0.4044381851613567,2.1587622604689547,-0.7621398584331922,-0.7205487612000817,1.0659510913351253,-0.7949744444485267,1.1287345670234668,0,1,1,0
-0.011148786338603405,0.8224238047235036,-0.5799198540785343,-0.4044381851613487,1.1312374846224447,-0.61701017113653,0.015200973787375267,0.4316606896180631,-0.6960371990859456,0.9279068811849777,0,1,1,0
0.08812844292165507,0.9500088194563124,-0.5799198540785325,-0.4044381851613543,1.3965608613062583,-0.4718804838398677,-0.47529884953759605,0.32935578611531113,-0.738438875669909,0.9307555008422611,0,1,1,0
-0.2780796146807553,0.4810476575586708,-0.5799198540785356,-0.4044381851613495,0.8080254464898612,-0.7258574366090267,0.0642509561198724,-0.018480885794045575,-0.9610476777357162,0.7213819560319215,0,1,0,1
1.3495848041182286,-1.0585936571653511,-0.5799198540785341,2.136939980863163,2.7858901162511933,-0.5807277493123644,1.5357504260947863,2.3549928754698,-1.332062347845395,1.8950132548327374,1,0,0,1
1.0180032414895948,-1.1006622189253512,-0.5799198540785324,6.427578654184656,0.1664255403599782,-0.4355980620157021,5.41069903036206,-0.17193824104817354,0.22973273966391927,1.3309865626905977,1,0,1,0
0.0044112208964481444,0.8431132532403005,-0.5799198540785361,-0.40443818516135044,1.4013848014124435,-0.7621398584331922,-0.13194897321011612,0.4521216703186135,-0.7349054026212454,0.9079665435839929,0,1,1,0
0.526219350849374,1.5086244226852008,-0.5799198540785356,1.6638696323093751,1.6667081780962574,-0.7258574366090267,1.094300585102312,0.5441960834710903,-0.8939116898111077,1.1671909323967944,1,0,1,0
0.3502378605712558,1.2844886482073357,-0.579919854078532,1.971915577919708,0.8610901678324456,-0.39931564019153654,1.2905005144323005,0.26797284401365995,-0.6006334267720284,1.0204870200466925,0,1,1,0
-1.196558351611756,-0.6913555760356795,-0.5799198540785361,-0.4044381851613567,-0.4655262555284456,-0.7621398584331922,-0.7205487612000817,-1.440519044482298,-2.519309292196367,-1.5845756565390992,0,1,0,1
0.7416487467938201,1.1500071506355956,0.14026352097685552,-0.40443818516134805,1.068524653038401,-0.07277384377404637,-0.082898990877619,0.6976534387252182,-0.6607024685993096,-0.4650681312266704,1,0,1,0
-0.7407158861341894,-0.37066879517508283,-0.5799198540785361,-0.4044381851613567,-0.016888669242326817,-0.7621398584331922,-0.7205487612000817,0.17589843086118317,-1.0847192344389425,-0.9037555584483346,0,1,0,1
1.9307839476021258,-1.0768693449097784,-0.5799198540785151,2.290963019243204,0.7115443440752549,1.4510878728409076,1.2905005144323005,0.4828131413694391,-0.9221794742004166,-0.04062380229142385,1,0,0,1
1.8286577029326325,-1.0858347890429048,1.6069142480466707,1.7738860320880865,0.7308405645581734,1.342240607368411,1.1433505674348092,0.3088948054147607,-0.9363133663950709,-0.14032549029634753,1,0,0,1
-0.5349293115748457,-0.1603259041625261,-0.5799198540785361,-0.4044381851613567,0.2773789231513225,-0.7621398584331922,-0.7205487612000817,0.8101888325782454,-1.529936838570557,-0.7428085478118149,0,1,0,1
-1.6561264526244757,-1.4603141524896839,-0.5799198540785361,-0.4044381851613567,-1.541291582582259,-0.7621398584331922,-0.7205487612000817,-1.6655898321883522,-0.038811212034514826,-1.3609590134423417,0,1,1,0
-0.9828821959191466,-1.3765218037840965,-0.5799198540785361,-0.4044381851613567,-1.4240669281339642,-0.7621398584331922,-0.7205487612000817,-0.02871137614432077,-1.1730560606555327,-0.9536064024507964,0,1,0,1
1.5932851991235428,-1.1116966243526694,1.6699961938113395,-0.22181100874260487,0.4751652981158187,1.7413472474342322,0.6528507441098379,0.41119970891751273,-0.6995706721346093,-0.09759619543709452,1,0,1,0
-1.2051053978394604,-0.8499748457562477,-0.5799198540785361,-0.4044381851613567,-0.6874330211111439,-0.7621398584331922,-0.7205487612000817,-0.6220798164602822,-1.2578594138234591,-1.114553413087316,0,1,0,1
0.9060150204035196,-1.1823856145580047,0.9708399877899536,1.971915577919708,-0.11336988667148476,0.9431339673025897,1.3395504967647978,-0.32539559630230147,-0.540564384944747,-0.4080957380809997,1,0,1,0
0.7604960795010657,1.1706965991523925,0.1455203289018817,-0.4044381851613498,1.1601818153468269,0.14492068717094705,0.0642509561198724,0.6260400062732918,-0.6112338459180191,-0.3525476547639708,1,0,1,0
-0.8985075087995008,-0.5327363063151148,-0.5799198540785361,-0.4044381851613567,-1.4120067788306834,-0.7621398584331922,-0.7205487612000817,0.6465009869738423,-1.8055477363663182,-0.8211455883871122,0,1,0,1
-1.4036598563599771,-1.0534212950361537,-0.5799198540785361,-0.4044381851613567,-0.9720525607706074,-0.7621398584331922,-0.7205487612000817,-1.0722213918723908,-1.3143949826020769,-1.2042849322917475,0,1,0,1
0.5991979763320806,1.0189738122707588,-0.42589523147669234,-0.40443818516135044,0.23878648218548096,1.088263654599252,-0.18099895554261325,-0.07986382789569675,-0.7843740253025359,-0.455097962426178,1,0,1,0
0.8052037059229039,1.215523819818014,0.6659447521419651,-0.4044381851613465,0.610239071525365,0.6891570145334306,0.16235092078486665,0.29866431506448554,-0.7207715104265909,-0.369639372707672,1,0,1,0
0.509782723488404,0.9120782460547469,0.01935681336910708,-0.4044381851613457,0.7453126149058177,-0.1816211092465431,0.0642509561198724,-0.02871137614432077,-0.738438875669909,-0.6131963534054141,1,0,1,0
0.6971602754034615,1.1706965991523925,1.3703577660883772,-0.4044381851613485,-0.012064614121594817,1.0156988109509208,-0.082898990877619,-0.44816148050560384,-0.8020413905458539,-0.5035244965999981,1,0,1,0
0.997621823561992,1.4120736629401445,0.8867309356573729,-0.40443818516134966,0.8273216669727844,0.9068515454784241,0.015200973787375267,0.6260400062732918,-0.8656439054217988,-0.2613918257308977,1,0,1,0
-1.5362486504051347,-1.4603141524896828,-0.5799198540785361,-0.4044381851613567,-1.5412915825822575,-0.7621398584331922,-0.7205487612000817,-1.2768311988778949,-1.582938934300511,-1.266954564751985,0,1,0,1
-0.6679564156829624,-0.298255725366294,-0.5799198540785361,-0.4044381851613567,0.08441648829301143,-0.7621398584331922,-0.7205487612000817,0.28843382471421036,-1.8302820477069635,-0.8624505734177234,0,1,0,1
0.34125250428059223,0.7396660106563164,-0.022697712697185908,-0.40443818516135227,0.8224977268665993,0.07235584352261591,-0.2790989202076075,0.18612892121145838,-0.8126418096918447,-0.5077974260859234,0,1,1,0
1.0160308462062784,1.4327632758820625,-0.5799198540785282,0.915758349883683,1.1987742563126684,0.18120310899511263,0.701900726442335,0.3907387282169623,-0.5016961814094473,-0.33688024664891136,1,0,1,0
-0.8684832694867958,-0.505150374959387,-0.5799198540785361,-0.4044381851613567,-0.2050270489799107,-0.7621398584331922,-0.7205487612000817,0.1554374501606328,-1.070585342244288,-0.9322417550211699,0,1,0,1
1.3410377578905242,1.8189666437125205,-0.3996111667851322,-0.22181100874260487,0.595766791148627,0.8342867018300929,0.701900726442335,0.32935578611531113,-0.9257129472490802,-0.2799078535032407,1,0,0,1
0.31122826496788714,0.7086317556685605,0.21911570251831622,-0.4044381851613508,0.49928568873402074,-0.00020900012571523354,-0.2790989202076075,0.20658990191200877,-0.6819033068912913,-0.6217422123772648,0,1,1,0
-1.3902913994397217,-1.0396282882520076,-0.5799198540785361,-0.4044381851613567,-0.9527562827804108,-0.7621398584331922,-0.7205487612000817,-1.1540653146745925,-0.1836836070297227,-1.2228009600640903,0,1,1,0
-0.4665529417532107,-1.4603141524896714,-0.579919854078535,-0.4044381851613516,0.05064810244789708,-0.6532925929606955,-0.32814890254010465,0.012210585256780017,-1.5864724073491745,-0.8410859259880968,0,1,0,1
0.7449360722660141,1.1534553098424989,0.539781361941378,-0.40443818516134694,0.6584796227326706,1.3785230291925765,0.35855085011485516,0.4316606896180631,-1.0140497734656704,-0.11468791338079573,1,0,0,1
1.7852650066996718,-1.4233834515358013,1.4544666928887702,1.3668254447116694,0.9672193804885159,1.4510878728409076,1.2414505320998035,0.5748875545219159,-0.872710851519126,-0.024956394176364416,1,0,1,0
-0.720115313175107,-0.34997934665828606,-0.5799198540785361,-0.4044381851613567,0.01205566148205554,-0.7621398584331922,-0.7205487612000817,-0.14124676999734795,-1.151855222363551,-0.9393633041643787,0,1,0,1
-1.1156901449957837,-0.7568722452180979,-0.5799198540785331,-0.4044381851613523,-1.0299412797266456,-0.4718804838398677,-0.4262488672050989,-1.645128851487802,-2.586445280120975,-2.2953062610313406,0,1,0,1
-0.016846817157072987,0.6362186036472076,1.3125327535809221,-0.40443818516135255,-0.5282390871124892,2.3581484184450465,0.0642509561198724,-0.7039237392624837,-0.7985079174971903,1.4990551224703261,0,1,1,0
-0.6870229034216876,-0.15342942132359152,-0.5799198540785344,-0.4044381851613543,-1.5412915825822455,-0.21790353107070867,-0.18099895554261325,-0.663001777861383,-0.6289012111613371,0.28269452881025725,0,1,1,0
0.08418365235502227,0.7534589763341821,1.170598814273069,-0.40443818516135327,-0.2002029938591787,2.412572051181295,0.7509507087748322,-0.3356260866525767,-1.0317171387089883,2.3778542867422963,0,1,0,1
0.8492538672503034,1.67069201603779,1.4807508578460837,1.3558238178487798,0.17607365060143737,2.412572051181295,1.9281502847547631,-0.10032480859624715,-0.9151125281030893,2.3536410196553863,1,0,0,1
1.3274501459387889,-1.0927312718818358,-0.23086748199321927,1.0037713647868554,-0.22432326946282904,2.412572051181295,2.0262502494197574,-0.5197749129575302,-1.7030770179550736,2.7367803635600216,1,0,0,1
0.8808121917833657,1.6913816289797081,2.5636542930586375,-0.4044381851613476,-1.4293734002682221,2.412572051181295,1.094300585102312,-0.5095444226072551,-1.5158029463759024,2.7675810636044,1,0,0,1
0.36842772818406255,-1.2054888731747084,-0.324438738257969,-0.40443818516134883,-0.6633126880002153,2.412572051181295,0.8490506734398264,-0.8062286427652358,-1.169522587606869,1.8124032847715148,0,1,0,1
0.9559823675808682,1.7879323887247647,3.110362818589935,-0.40443818516134966,-0.692257076231871,2.412572051181295,0.4076008324473523,-1.0006079594204644,-0.7808405522538723,1.6357888660199358,1,0,1,0
0.025888413981448873,0.6844939835197358,1.585887016346571,-0.40443818516135294,-0.692257076231871,2.3944308402692123,0.0642509561198724,-0.9801469787199141,-0.639501630307328,1.1956771289696297,0,1,1,0
0.5737759926804471,1.3293158688729572,1.3388169185382304,-0.22181100874260487,-0.2002029938591787,2.412572051181295,2.909149931404706,-0.3458565770028519,-1.0034493543196794,2.3721570474277294,1,0,0,1
0.21041695048727146,0.9017334395837877,0.6922289170992786,-0.40443818516134805,0.05064810244789708,1.4873702946650733,0.7509507087748322,-0.09009431824597196,-0.46282797787414764,1.3908075754935518,0,1,1,0
-0.12576686780243382,0.5086335889143987,0.056154531510368595,-0.40443818516135277,-1.341575516560745,0.10863826534678149,0.4566508147798494,0.14520695981035758,-1.1553886954122146,1.138704735823959,0,1,0,1
1.6550869180007899,-1.0541109350987898,3.441542093863044,1.9609139510568074,-0.5861277485612539,2.412572051181295,2.4677000904122317,-0.6936932489122086,-1.869150251242263,2.7675810636044,1,0,0,1
-0.39861488199453493,0.1879468902663627,0.12974990512680834,-0.40443818516134933,-0.20985110410063787,1.4510878728409076,1.1433505674348092,0.05313254665788081,-0.7455058217672362,1.4549015177824314,0,1,1,0
-0.6326724556147469,-0.08791275214117314,-0.5799198540785316,-0.4044381851613496,-0.34974881761636933,0.6165921708850995,0.8490506734398264,-0.2844736349012007,-0.6889702529886185,1.047548906790886,0,1,1,0
-0.30832300902494003,-1.283074379104002,0.3715632576762167,-0.4044381851613523,-1.3999466295274026,1.5236527164892388,0.0642509561198724,-0.19239922174872393,-0.639501630307328,1.34095673149109,0,1,1,0
0.35703166654712337,1.101731606337946,-0.579919854078519,0.8827533381452541,-0.08924961106782958,2.412572051181295,1.7810003377572718,-0.6936932489122086,-0.9257129472490802,1.7483093424826353,0,1,0,1
-0.06308852879926843,0.5810467409357517,0.9130149752824934,-0.40443818516135005,-0.34974881761636933,2.412572051181295,1.045250602769815,-0.44816148050560384,-0.7596397139618906,1.6970341886515317,0,1,1,0
0.9097406559386727,1.7258638787492493,2.4848020488510776,-0.40443818516134805,-0.28221204592614063,2.412572051181295,1.486700443762289,-0.46862246120615425,-1.1765895337041963,2.7675810636044,1,0,0,1
1.12999146257567,1.984482231846895,2.2114477860854285,1.1797976568926865,0.02170377172351472,2.412572051181295,2.8110499667397115,-0.3151651059520263,-1.6076732456411562,2.7675810636044,1,0,0,1
-0.16937871906687407,0.456909885409846,0.008843197519054654,-0.4044381851613529,0.4221008068023328,0.5803097490609339,0.2604508854498609,0.26797284401365995,-0.7843740253025359,0.9421499794713953,0,1,1,0
0.6208943244485609,-1.4603141524896568,1.7961595840119264,-0.4044381851613551,-1.369072653751818,2.412572051181295,-0.32814890254010465,0.03267156595733041,-1.321461928699404,2.054535955640615,1,0,0,1
-0.6587519043608192,-0.11894692491637181,0.2401429342184158,-0.404438185161354,-0.5378871973539532,0.14492068717094705,-0.2790989202076075,-0.6936932489122086,-1.1412548032175602,0.5732537338531777,0,1,0,1
-0.14505251057263857,-1.265833155564159,-0.579919854078523,-0.4044381851613516,-0.2532676001872114,0.8705691236542585,0.309500867782358,-0.6732322682116582,0.7032181281848426,0.9279068811849777,0,1,1,0
-0.7148555924195966,-0.18446359409878674,0.434645015442604,-0.4044381851613532,-0.8418028999890617,0.7254394363575962,0.0642509561198724,-1.3279836506292708,1.2367725585330471,0.4137310330452998,0,1,1,0
-1.049943635551904,-0.5775635269807364,0.17180436852700226,-0.4044381851613552,-1.5412915825822564,0.47146248358843723,-0.18099895554261325,-1.4200580637817475,0.5124105835570079,0.1943873194344677,0,1,1,0
0.14401297594895288,0.8327686111944628,0.7658242280496192,-0.4044381851613485,0.07476837805155226,2.412572051181295,1.094300585102312,-0.15147726034762313,-1.1129870188282514,2.1200542077581366,0,1,0,1
-0.9147249811289913,-0.41204777442123713,0.3820769361923576,-0.4044381851613535,-1.5412915825822568,0.8705691236542585,0.015200973787375267,-1.491671496233674,-2.462773723417749,-0.9792439793663482,0,1,0,1
1.272661388068889,-1.0951450326542056,-0.5799198540785361,-0.40443818516135366,-1.0444134220859254,-0.7621398584331922,-0.4262488672050989,3.1120491613901646,-0.11654761910511417,0.729927815003772,1,0,1,0
1.3671172066365964,-1.0841106601119144,-0.5799198540785331,-0.4044381851613474,3.0319168123939013,-0.5081629056640332,0.015200973787375267,3.1632016131415406,-1.5970728264951655,0.6772283513440267,1,0,0,1
-0.23271452316447827,0.4017380226983867,-0.5799198540785361,-0.4044381851613567,1.0637007129322158,-0.7621398584331922,-0.7205487612000817,1.05572060098485,-0.8903782167624441,-0.18163047532695878,0,1,1,0
-0.670367121029238,-0.11205044207743724,-0.5799198540785361,-0.4044381851613567,0.3352676996146341,-0.7621398584331922,-0.7205487612000817,0.32935578611531113,-0.6889702529886185,-0.4764626098558045,0,1,1,0
0.6406182772817248,1.4396595942958759,-0.5799198540785361,-0.4044381851613567,2.5157425694321005,-0.7621398584331922,-0.7205487612000817,2.774442979831083,-1.869150251242263,0.3610315693855544,1,0,0,1
0.49027792568671974,1.3051782611492537,0.4872131573589441,-0.4044381851613515,1.1215893743809806,0.18120310899511263,-0.23004893787511038,1.4342487439450324,-1.2967276173587587,0.26132988138063074,1,0,0,1
2.483054626930716,-0.9427326139311927,-0.5799198540785309,-0.4044381851613523,1.169829925588286,-0.36303321836737096,0.2114009031173638,0.8715717746798965,-1.3249954017480676,2.7675810636044,1,0,0,1
-0.0012868099220214372,0.6775975006808046,-0.5799198540785361,-0.4044381851613567,1.4496253526197491,-0.7621398584331922,-0.7205487612000817,1.9764647325096178,-1.9115519278262265,0.08044253314312633,0,1,0,1
0.7195140886143806,1.5327623592591435,-0.5799198540785361,-0.4044381851613567,2.6459924027354615,-0.7621398584331922,-0.7205487612000817,3.1018186710398896,-1.717210910149728,0.4251255116744339,1,0,0,1
-0.1290541932746278,0.5258748782242924,-0.5799198540785361,-0.4044381851613567,1.2373669273076084,-0.7621398584331922,-0.7205487612000817,1.56724511849861,-0.8585769593244716,-0.06768568903561742,0,1,1,0
0.2917234671662028,1.02587029510969,-0.5799198540785361,-0.40443818516135294,1.7728373907523276,-0.7621398584331922,-0.3771988848726018,1.464940214995858,0.4346741764864085,0.13883923611743879,0,1,1,0
0.2627950030108957,-1.215143949149214,-0.5799198540785361,-0.4044381851613567,-1.19830092995614,-0.7621398584331922,-0.7205487612000817,2.5493721921250287,-1.897418035631572,0.3183022745263014,0,1,0,1
-1.0538884261185368,-0.5637705613028707,-0.5799198540785361,-0.4044381851613567,-0.2870361010468726,-0.7621398584331922,-0.7205487612000817,-0.6936932489122086,-0.692503726037282,-0.6744416760370101,0,1,1,0
0.30246206370870315,1.0362149371555276,-0.5799198540785361,-0.4044381851613567,1.9513275452339005,-0.7621398584331922,-0.7205487612000817,2.5800636631758547,-1.6783427066144283,0.29551331726803315,0,1,0,1
-0.26843679329565295,0.3603591256647931,-0.5799198540785361,-0.4044381851613567,1.0058120514834512,-0.7621398584331922,-0.7205487612000817,1.3728658018433813,0.303935673685855,-0.11041498389487044,0,1,1,0
0.15409410739701446,0.8603545425501942,-0.5799198540785361,-0.4044381851613567,1.7053006190621036,-0.7621398584331922,-0.7205487612000817,1.925312280758242,-1.5158029463759024,0.012075661368321522,0,1,0,1
-0.7185812279547499,-0.17411886984038835,-0.5799198540785361,-0.4044381851613567,0.25808270266840416,-0.7621398584331922,-0.7205487612000817,0.27820333436393513,0.8834252536666866,-0.4394305543111186,0,1,1,0
-1.142865368899254,-0.6810108517772812,-0.5799198540785361,-0.4044381851613567,-0.4510540901662545,-0.7621398584331922,-0.7205487612000817,-0.5402358936580807,1.1484357323164571,-0.6416825499782495,0,1,1,0
0.3478271552249802,1.0913869642921084,-0.5799198540785361,-0.4044381851613567,2.0285126571946823,-0.7621398584331922,-0.7205487612000817,2.8460564122830094,-1.6783427066144283,0.4037608642448074,0,1,0,1
-1.0622163173147616,-1.367901192014175,-0.5799198540785361,-0.4044381851613567,-1.4120067788306834,-0.7621398584331922,-0.7205487612000817,-0.7755371717144102,-0.9928489351736887,-0.7328383790113225,0,1,0,1
-0.1919516873092728,0.45001340257091493,-0.5799198540785361,-0.4044381851613567,1.1312374846224447,-0.7621398584331922,-0.7205487612000817,2.0787696360123697,-1.7596125867336914,0.16590112286163233,0,1,0,1
-0.1937049275611096,0.4465652433640083,-0.5799198540785361,-0.4044381851613567,1.1264135445162595,-0.7621398584331922,-0.7205487612000817,1.1171035430865013,-1.5440707307652113,-0.14602272961091461,0,1,0,1
-0.8185159223094471,-0.29480740173426606,-0.5799198540785361,-0.4044381851613567,0.08924065842829029,-0.7621398584331922,-0.7205487612000817,-0.12078578929679755,-2.929192165841345,-1.573181177909965,0,1,0,1
-0.7998877446336812,-0.270669711798002,-0.5799198540785361,-0.4044381851613567,0.12300904427340466,-0.7621398584331922,-0.7205487612000817,-0.10032480859624715,1.0141637564672399,0.29551331726803315,0,1,1,0
-0.23446776341631506,0.4017380226983867,-0.5799198540785361,-0.4044381851613567,-1.2812747700443408,-0.7621398584331922,-0.7205487612000817,1.4444792342953077,0.48060932611903534,0.7869002081494427,0,1,1,0
-0.11853475176360705,0.5396678439021546,-0.5799198540785361,-0.4044381851613567,1.242190867413789,-0.7621398584331922,-0.7205487612000817,1.5774756088488853,0.4346741764864085,0.8538427700956057,0,1,1,0
0.2825189558440596,1.0155254886387308,-0.5799198540785361,-0.4044381851613567,1.9175592744033378,-0.7621398584331922,-0.7205487612000817,1.2194084465892532,0.5583457331896348,0.7740814196916668,0,1,1,0
0.019532918068540493,0.705183596461654,-0.5799198540785361,-0.4044381851613567,1.4833938534794056,-0.7621398584331922,-0.7205487612000817,0.5032741220699894,0.8056888465960872,0.6131344090551472,0,1,1,0
-0.07908684609727917,0.5879432237746828,0.01935681336910708,-0.40443818516134805,-1.5412915825822417,0.3626152181159405,-0.13194897321011612,0.16566794051090797,0.7703541161094511,1.1657666225681527,0,1,1,0
-0.29079060650657207,0.3362213535159683,-0.5799198540785361,-0.4044381851613567,0.9623954403823307,-0.7621398584331922,-0.7205487612000817,0.636270496623567,0.7597536969634603,0.5889211419682371,0,1,1,0
-0.23446776341631506,0.4017380226983867,-0.5799198540785361,-0.4044381851613567,-1.2812747700443408,-0.7621398584331922,-0.7205487612000817,1.147795014137327,0.58308004453028,0.6928957594590861,0,1,1,0
-0.4056278430018821,0.1982915323122004,-0.5799198540785361,-0.4044381851613567,0.7742571756592938,-0.7621398584331922,-0.7205487612000817,0.5032741220699894,0.8056888465960872,0.49634100310652224,0,1,1,0
-0.4325839118738728,0.1672572773244445,-0.5799198540785361,-0.4044381851613567,0.7356645046643585,-0.7621398584331922,-0.7205487612000817,0.9534156974820982,0.6502160324548885,0.6316504368274901,0,1,1,0
-1.799672998243613,-1.4603141524896852,-0.5799198540785361,-0.4044381851613567,-1.541291582582261,0.43518006176427165,-0.7205487612000817,-2.136192388301011,1.6007202825453988,0.44364153944677687,0,1,1,0
-0.5075349326398958,0.0776030004183227,-0.5799198540785361,-0.4044381851613567,0.610239071525365,-0.7621398584331922,-0.7205487612000817,0.5032741220699894,0.8056888465960872,0.4991896227638058,0,1,1,0
-0.08982544263977954,0.5741502580968171,-0.5799198540785324,-0.40443818516135477,0.8852105584506428,-0.4718804838398677,-0.5733988142025903,0.41119970891751273,0.7986219004987599,0.5960426911114459,0,1,1,0
-0.5800752480596432,-0.008603117280892502,-0.5799198540785361,-0.4044381851613567,0.4751652981158187,-0.7621398584331922,-0.7205487612000817,0.7999583422279702,0.7032181281848426,0.5561620159094764,0,1,1,0
-0.5436955128340296,0.03277577975270112,-0.5799198540785361,-0.4044381851613567,0.5475262399413214,-0.7621398584331922,-0.7205487612000817,0.4725826510191639,0.816289265742078,0.4764006655055375,0,1,1,0
-0.3216914659451956,0.2982906156892813,-0.5799198540785361,-0.4044381851613567,0.9141548891750252,-0.7621398584331922,-0.7205487612000817,1.1784864851881525,0.5724796253842891,0.6985929987736531,0,1,1,0
0.356155046421205,1.105179929969974,-0.5799198540785326,-0.40443818516132646,-1.5412915825822417,-0.4718804838398677,3.9391995603871455,0.7488058904765942,0.3569377694158091,1.3879589558362684,0,1,1,0
-0.3135827297804504,0.30863542216024037,-0.5799198540785361,-0.4044381851613567,-1.2947821243823865,-0.7621398584331922,-0.7205487612000817,0.6055790255727415,0.7703541161094511,0.5305244389939247,0,1,1,0
-0.47444252288647626,0.11553373824501316,-0.5799198540785361,-0.4044381851613567,0.6633037928679494,-0.7621398584331922,-0.7205487612000817,0.31912529576503595,0.8692913614720321,0.45361170824726926,0,1,1,0
-0.5215608546545901,0.0603617111084325,-0.5799198540785361,-0.4044381851613567,0.5812947408009826,-0.7621398584331922,-0.7205487612000817,0.6465009869738423,0.7562202239147967,0.5205542701934323,0,1,1,0
-0.4104492536944333,0.1913950494732693,-0.5799198540785361,-0.4044381851613567,0.7694330055240197,-0.7621398584331922,-0.7205487612000817,0.3088948054147607,0.8728248345206957,0.46927911636232866,0,1,1,0
-0.45932082571438393,0.132774863129782,-0.5799198540785361,-0.4044381851613567,0.6729519031094086,-0.7621398584331922,-0.7205487612000817,0.9841071685329238,0.6396156133088977,0.6458935351139078,0,1,1,0
-0.5921287747910211,-0.022396082958754743,-0.5799198540785361,-0.4044381851613567,0.46551718787435953,-0.7621398584331922,-0.7205487612000817,0.18612892121145838,0.915226511104659,0.37100173818604676,0,1,1,0
-0.11086432566182107,0.5500124859479923,-0.5799198540785361,-0.4044381851613567,1.2663112580319908,-0.7621398584331922,-0.7205487612000817,0.4316606896180631,0.8304231579367324,0.5120084112215817,0,1,1,0
-0.42403686564616844,-1.460314152489669,-0.5799198540785361,-0.4044381851613567,0.7404886747996373,-0.7621398584331922,-0.7205487612000817,0.5646570641716406,-0.5440978579934106,-0.25284596675904714,0,1,1,0
-0.9114376556567972,-0.45687491287429804,0.0035863895940284416,-0.4044381851613504,-0.9527562827804108,-0.14533868742237752,0.16235092078486665,-1.2666007085276196,0.3498708233184819,0.06762374468535043,0,1,1,0
-0.6683947257459216,-0.18446359409878674,-0.5799198540785315,-0.4044381851613473,-0.590951803681986,-0.2541859528948742,0.4566508147798494,-1.0619909015221156,-0.32148905592760335,0.22002489635001948,0,1,1,0
-1.5187162478867668,-1.460314152489682,-0.5799198540785361,-0.4044381851613567,-1.5412915825822566,-0.7621398584331922,-0.7205487612000817,-1.5428239479850498,0.07779339857138419,-0.3212128385338519,0,1,1,0
-0.7626313892821494,-0.2913591603148022,0.7447969963495196,-0.4044381851613478,-1.5412915825822608,0.5440273272367684,0.16235092078486665,-2.0441179751485348,1.4947160910854904,-0.18163047532695878,0,1,1,0
-1.2524428846390536,-0.8430783629173132,-0.5799198540785343,0.8387468306936625,-1.5412915825822597,-0.5807277493123644,0.4566508147798494,-1.9418130716457827,1.5477181868154446,-0.4066714282523579,0,1,1,0
0.0179988328481833,0.5913913829815894,-0.5799198540785255,-0.4044381851613482,-0.012064614121594817,0.3263327962917749,0.8000006911073293,-0.6425407971608326,0.9858959720779311,0.6344990564847737,0,1,1,0
0.5608458458231507,1.201730689715027,1.4018986136385239,1.509846725079072,-0.47035031064917765,1.7776296692583977,4.822099242372094,-0.3151651059520263,0.4417411225837357,1.957682887292975,1,0,1,0
-1.6600712431911084,-1.4603141524896839,-0.5799198540785361,-0.4044381851613567,-1.541291582582259,-0.7621398584331922,-0.7205487612000817,-1.9315825812955074,1.6466554321780256,-0.6131963534054141,0,1,1,0
-1.3278322154680358,-0.9292844806165284,-0.5799198540785321,-0.40443818516134994,-1.5412915825822606,-0.36303321836737096,0.16235092078486665,-2.0236569944479843,1.5759859712047535,-0.42661176585334265,0,1,1,0
-0.3808633244446874,-1.3003156026438452,0.6133766728917188,-0.40443818516135166,-0.6247202470343738,0.43518006176427165,-0.082898990877619,-1.1949872760756932,1.22970561243572,0.18726577029125885,0,1,1,0
-0.24564467002177462,0.35691080203276515,1.2494510584806287,-0.4044381851613472,-1.5412915825822575,0.7617218581817617,0.7509507087748322,-1.6553593418380772,1.2968416003603285,0.32969675315543556,0,1,1,0
-1.6456070111134549,-1.4603141524896837,-0.5799198540785357,-0.4044381851613545,-1.54129158258226,-0.6895750147848612,-0.082898990877619,-1.9827350330468834,1.6113207016913895,-0.5120703555718487,0,1,1,0
-1.251127954450176,-0.8430783629173132,-0.5799198540785353,-0.404438185161355,-0.8273307346268706,-0.6532925929606955,-0.2790989202076075,-1.2768311988778949,1.3781114804795915,-0.1032934347516616,0,1,1,0
-1.2546344349538496,-0.8465266043367805,-0.5799198540785335,-0.40443818516134994,-1.5412915825822577,-0.4355980620157021,0.9471506381048207,-1.6246678707872515,1.3887118996255823,-0.04774535143463269,0,1,1,0
-1.7977006029602967,-1.4603141524896852,-0.5799198540785361,-0.4044381851613567,-1.541291582582261,-0.7621398584331922,-0.7205487612000817,-2.125961897950736,1.713791420102634,-0.7257168298681137,0,1,1,0
-0.7703018153839353,-0.298255725366294,-0.5799198540785336,-0.4044381851613465,-0.6102480816721826,-0.3267507965432054,0.9962006204373177,-1.3689056120303715,1.2862411812143377,0.20435748823496006,0,1,1,0
-1.3685950513232412,-1.4116939032583038,-0.5799198540785354,-0.40443818516135405,-1.0347653348473775,-0.6895750147848612,-0.47529884953759605,-1.6348983611375267,-1.4239326471106486,-1.8808321008965867,0,1,0,1
0.4354891678168199,0.8638027017570973,1.2073965950804295,-0.4044381851613476,-0.33045259713344616,1.0519812327750864,-0.033849008545121864,-0.20262971209899913,-0.558231750188065,-0.5106460457432069,1,0,1,0
-0.561008760320918,-0.1706706284209245,-0.5799198540785331,0.9267599767465726,-0.595775858802718,-0.4718804838398677,0.4566508147798494,-0.6834627585619334,-1.4345330662566396,-0.9037555584483346,0,1,0,1
-1.4597635444187547,-1.105144957434426,-0.5799198540785361,-0.4044381851613567,-1.0444134450888367,-0.7621398584331922,-0.7205487612000817,-1.2563702181773444,-0.325022528976267,-1.26268163526606,0,1,1,0
-0.5805135581226023,-1.333418744934489,-0.5799198540785361,-0.4044381851613567,-1.3637661816175601,-0.7621398584331922,-0.7205487612000817,0.0838240177087064,-0.41335935519285716,-0.8496317849599474,0,1,1,0
1.0968990528222504,1.553451643350819,1.3440737264632565,-0.40443818516135466,0.8128496166251401,1.0519812327750864,-0.5733988142025903,0.7283449097760438,-0.7525727678645634,-0.25569458641633064,1,0,1,0
0.42365479611692153,0.8534580597112595,-0.5799198540785344,-0.4044381851613493,1.2035984264479473,-0.5807277493123644,-0.082898990877619,0.8818022650301718,-1.1306543840715693,-0.4636438213980286,1,0,0,1
0.699570980749737,1.1396623441646365,-0.5799198540785317,2.2249532580658107,0.5427022998351412,-0.2904683747190398,1.3395504967647978,0.29866431506448554,-0.9363133663950709,-0.4465521034543274,1,0,0,1
0.5544903499102424,0.987939557283003,0.5240108128341171,1.938910697331017,-0.15678649777260514,0.5077449054126028,1.2905005144323005,-0.14124676999734795,-1.0423175578549793,-0.43658193465383505,1,0,0,1
1.2527182802042456,1.8327596093903826,1.6699961938113395,-0.40443818516135466,0.9141548891750252,0.9794163891267552,-0.5243488318700932,0.9022632457307221,-1.1129870188282514,-0.25427027658768886,1,0,0,1
0.7940267993174444,1.887931472101842,1.5175485133212514,1.9059055544428505,0.15195337499778702,1.1608284982475832,0.6038007617773408,0.05313254665788081,-0.8691773784704624,-0.24714872744448005,1,0,1,0
0.5507647143750891,0.9844913980760963,0.35053602597611705,1.3008155523845497,0.2773789231513225,0.3263327962917749,0.8981006557723236,0.31912529576503595,-1.0423175578549793,-0.3796095415081644,1,0,0,1
2.59022143732424,-1.003766561047046,1.6279414797467702,-0.40443818516133473,1.8548464428192943,1.342240607368411,1.2905005144323005,1.413787763244482,-1.6606753413711104,0.31118072538309255,1,0,0,1
-0.6975423449327083,-1.3458324304870792,-0.5799198540785361,-0.4044381851613567,-1.381132803055099,-0.7621398584331922,-0.7205487612000817,-0.10032480859624715,-0.8267757018864992,-0.9222715862206775,0,1,1,0
1.1017204635148017,1.7362088496453298,1.0076376432651213,1.4438368327519522,0.610239071525365,0.5077449054126028,0.8000006911073293,0.7488058904765942,-1.1200539649255785,-0.22578408001485356,1,0,0,1
0.48677144518304616,0.9189747288936779,0.7763378438996664,-0.4044381851613521,0.34009175473536607,0.5440273272367684,-0.3771988848726018,0.4623521606688887,-0.9681146238330434,-0.48500846882765514,1,0,0,1
0.4620069266258514,0.89138879753795,-0.5799198540785332,1.8178925395396672,-1.5412915825822406,-0.5081629056640332,1.1433505674348092,0.7181144194257686,-0.9080455820057621,-0.4536736525975362,1,0,0,1
0.967597584249287,1.4189703102042004,0.7395401884244986,-0.40443818516135405,1.1553578752406417,0.6165921708850995,-0.32814890254010465,0.8101888325782454,-1.1765895337041963,-0.24287579795855474,1,0,0,1
0.5588734505398343,-1.215143949149214,-0.5799198540785319,-0.4044381851613515,1.2614870878967122,-0.3267507965432054,0.015200973787375267,1.6388585509505365,-1.0917861805362696,-0.14032549029634753,1,0,0,1
0.4096288741022272,0.8362167704013693,0.5976062491166454,-0.4044381851613484,0.22913837194402178,0.3988976399401061,0.0642509561198724,0.28843382471421036,-0.7879074983511994,-0.4992515671140728,1,0,1,0
-0.6044014565538787,-0.21549784908654265,-0.5799198540785361,-0.4044381851613567,0.20019392620509255,-0.7621398584331922,-0.7205487612000817,0.063363037008156,-0.8197087557891719,-0.8724207422182158,0,1,1,0
1.0300567682209727,1.4844868149614974,0.05089772358534764,-0.40443818516133473,1.0347563822078334,-0.10905626559821195,1.1924005497673063,1.0659510913351253,-1.0564514500496336,-0.2713619945313901,1,0,0,1
0.8540752779428545,1.339660510918795,0.3347656022010437,1.8398957932654685,0.5475262399413214,-0.00020900012571523354,1.045250602769815,0.5953485352224662,-1.0599849230982972,-0.39954987910914913,1,0,0,1
0.4240931061798808,0.8534580597112595,-0.5799198540785336,1.4438368327519522,0.6536556826264854,-0.21790353107070867,1.045250602769815,0.7692668711771447,-0.9575142046870526,-0.3796095415081644,1,0,0,1
0.5067145530476896,0.9396641774104748,-0.5799198540785309,-0.2768191955169857,0.7790811157654789,-0.2541859528948742,0.35855085011485516,0.9841071685329238,-1.2825937251641044,-0.4080957380809997,1,0,0,1
-0.5049050722621405,-0.11205044207743724,-0.5799198540785361,-0.4044381851613567,0.3449158098560981,-0.7621398584331922,-0.7205487612000817,0.9227242264312726,-0.8373761210324899,-0.7157466610676213,0,1,1,0
-0.306131458710144,-1.46031415248967,-0.5799198540785361,-0.4044381851613567,-1.5412915825822395,-0.7621398584331922,-0.7205487612000817,1.2194084465892532,-0.738438875669909,-0.5775886076893699,0,1,1,0
-0.8818517264070513,-0.505150374959387,-0.5799198540785361,-0.404438185161351,-1.5412915825822502,-0.7621398584331922,-0.033849008545121864,-0.5913883454094566,-0.8656439054217988,-0.9877898383381988,0,1,1,0
0.9051384002776012,1.5465553249370092,1.4702372419960312,0.8937549650081439,0.21949026170255778,0.7980042800059274,0.309500867782358,0.22705088261255915,-1.2260581563854867,-0.3525476547639708,1,0,0,1
1.5858339280532365,-1.4251075738897856,1.2441942505556025,-0.4044381851613375,0.8659141079386259,1.4873702946650733,0.9471506381048207,0.6771924580246679,-1.1589221684608781,0.012075661368321522,1,0,0,1
-0.32651287663774675,0.07070651757939159,0.20334527874324282,-0.40443818516135327,-0.2629157104286754,0.10863826534678149,-0.3771988848726018,-0.10032480859624715,-0.8656439054217988,-0.7086251119244125,0,1,1,0
-1.0135639003262904,-0.6430801961631548,-0.5799198540785361,-0.404438185161354,-0.5234150319917572,-0.7621398584331922,-0.32814890254010465,-1.0619909015221156,-2.922125219744018,-2.0289603230753306,0,1,0,1
1.3061921078852679,-1.4248317145762286,-0.5799198540785124,-0.40443818516135255,1.068524653038401,1.1608284982475832,-0.32814890254010465,1.4956316860466836,0.24740010490723732,0.8324781226659792,1,0,1,0
1.0190990166469929,1.8672418591599238,-0.3375807706037491,-0.40443818516135055,0.619887181766829,1.2696757637200797,0.35855085011485516,0.533965593120815,0.519477529654335,0.5547377060808347,1,0,1,0
0.6502610986668272,1.3810394079523884,0.9708399877899536,-0.40443818516135294,0.8514420575909816,0.47146248358843723,-0.4262488672050989,0.9738766781826486,0.501810164411017,0.4493387787613439,1,0,1,0
-0.6440685172516861,-0.24308378044227402,-0.5799198540785361,-0.4044381851613567,0.1616014852392462,-0.7621398584331922,-0.7205487612000817,-0.06963333754542156,1.0035633373212491,-0.36251782356446316,0,1,1,0
-0.7847660474615888,-0.39135832590444036,-0.5799198540785361,-0.4044381851613567,-0.045833114981256036,-0.7621398584331922,-0.7205487612000817,-0.05940284719514636,0.7102850742821698,-0.393852639794582,0,1,1,0
-0.03350259954952253,-1.2744537673340806,-0.5799198540785361,-0.4044381851613567,-1.2812747700443408,-0.7621398584331922,-0.7205487612000817,0.9841071685329238,0.6396156133088977,0.04341047759844039,0,1,1,0
1.4473279481581298,-1.0816968993395446,1.4124122294885764,1.9279088081686409,0.8948586686921021,0.9794163891267552,0.8000006911073293,0.7692668711771447,0.4346741764864085,0.6829255906585937,1,0,1,0
1.3110135185778191,-1.0989381228793877,1.7383345715044716,-0.4044381851613484,1.0202841018310955,1.1608284982475832,0.11330093845236952,0.9738766781826486,0.3958059729511088,0.6544393940857584,1,0,1,0
1.6116942217678292,-1.070317661549025,1.9380935233197798,-0.40443818516134933,-1.258601676472544,1.414805451016742,0.8981006557723236,1.413787763244482,0.16259675173931076,1.05894338542002,1,0,1,0
1.2123937544119994,-1.143420478296781,0.5502949777914252,1.6528680054464744,0.9527473301408715,0.3263327962917749,0.9471506381048207,1.2091779562389782,0.33573693112382746,0.5846482124823118,1,0,1,0
1.5531798283627762,-1.1072139022861043,1.5753734004965239,1.5318499788048734,0.5668224604242447,1.5599351383134044,1.7319503554247748,0.533965593120815,0.39227249990244517,0.7641112508911745,1,0,1,0
-0.026051328479216155,0.4051861819052933,-0.5799198540785354,0.8387468306936625,0.4606932477681744,-0.6895750147848612,0.5057007971123466,0.14520695981035758,0.8339566309853961,-0.09759619543709452,0,1,1,0
0.6296605257077449,1.098283447131043,-0.5799198540785361,-0.4044381851613567,2.038160767436146,-0.7621398584331922,-0.7205487612000817,2.150383068464296,0.2367996857612465,0.4479144689327022,1,0,1,0
2.1953040705980023,-1.0003183031850689,1.6857664922542253,1.102786137702666,2.1587622604689547,1.088263654599252,0.4566508147798494,1.7411634544532884,0.11312812905802026,1.0005466824457077,1,0,1,0
1.50737642678354,-1.1120414238308471,-0.5799198540785312,-0.40443818516134644,2.42890934722986,-0.1816211092465431,0.35855085011485516,2.201535520215672,0.08486034466871141,0.8353267423232628,1,0,1,0
1.1679052830216408,-1.107903534127487,1.6647392605541256,-0.4044381851613495,1.0106359915896364,1.0519812327750864,-0.13194897321011612,1.31148285974173,0.30746914673451864,0.6800769710013101,1,0,1,0
1.5157043179797647,-1.1113517919894644,-0.5226205912962844,-0.4044381851613482,2.4433818576356914,-0.1816211092465431,0.0642509561198724,1.9662342421593426,0.187331063079956,0.6886228299731608,1,0,1,0
2.5981110184575056,-0.9672151526731683,1.6857664922542253,1.8508974201283581,2.293835803849407,1.2333933418959142,1.3395504967647978,1.7718549255041138,0.024791302841430093,1.1785854110259286,1,0,1,0
-0.9754309248488402,-0.5913564926586021,-0.5799198540785361,-0.4044381851613567,-0.325628542012719,-0.7621398584331922,-0.7205487612000817,-0.09009431824597196,1.0106302834185763,-0.4294603855106262,0,1,1,0
-0.5724048219578571,-1.4603141524896723,-0.5799198540785361,-0.4044381851613567,-1.541291582582243,-0.7621398584331922,-0.7205487612000817,0.28843382471421036,0.6643499246495429,-0.18163047532695878,0,1,1,0
1.058327767281841,1.7051745946575738,-0.33600374075945993,-0.404438185161349,0.30632325387570486,1.5599351383134044,-0.033849008545121864,0.4214301992677879,0.5583457331896348,0.412306723216658,1,0,1,0
1.3802665085253725,-1.0854899566796998,1.775132352311832,0.7177288040520503,-1.2827219750791057,1.342240607368411,0.8000006911073293,1.2398694272898036,0.2367996857612465,0.8880262059830082,1,0,1,0
1.489844024265172,-1.077558976751161,1.6962801081042724,1.0147729916497559,1.1022931538980623,1.1608284982475832,0.4076008324473523,1.106873052736226,0.3286699850265003,0.8267808833514122,1,0,1,0
0.711624507481115,1.1844895648302582,-0.5799198540785203,-0.4044381851613478,0.32079541923790084,0.8342867018300929,-0.082898990877619,0.3907387282169623,0.6431490863575613,0.28554314846754075,1,0,1,0
-1.799672998243613,-1.4603141524896852,-0.5799198540785361,-0.4044381851613567,-1.541291582582261,-0.7621398584331922,-0.7205487612000817,-2.136192388301011,-2.9786607885226357,-2.7971974368989834,0,1,0,1
0.6805044930110119,1.4396595942958759,2.1904205543853292,-0.4044381851613551,-0.10854583155075276,1.3785230291925765,-0.4262488672050989,-0.5709273647089063,-0.738438875669909,0.5974670009400878,1,0,1,0
-0.5257248002527025,-0.2120496076670788,-0.5799198540785331,-0.40443818516135444,-0.17125866313479635,0.3626152181159405,0.5547507794448437,-0.5504663840083558,-0.7419723487185725,0.23284368480779538,0,1,1,0
0.1996783539447711,0.6500115693250732,0.4872131573589441,-0.4044381851613531,0.22431431682328978,0.5077449054126028,0.8490506734398264,-0.20262971209899913,-0.5900330076260375,0.5433432274517006,0,1,1,0
0.08177294700874668,0.4948406232365365,0.49246996528397036,0.8167435769678612,-0.320804486891987,0.3263327962917749,0.309500867782358,-0.714154229612759,-0.31795558287893977,0.0605021955421416,0,1,1,0
-1.7928791922677454,-1.4603141524896852,-0.5799198540785361,-0.4044381851613567,-1.541291582582261,-0.7621398584331922,-0.7205487612000817,-2.1055009172501857,1.706724474005307,-1.0219732742256011,0,1,1,0
0.353963496106409,0.8534580597112595,1.0864898874726812,0.9377616036094732,-0.4269338145626041,1.4510878728409076,1.7810003377572718,-0.969916488369639,0.6431490863575613,0.5561620159094764,0,1,1,0
0.542655978210344,1.0534562264654213,1.2757350981057491,0.948763230472374,-0.33045259713344616,1.6687824037859011,2.6639000197422202,-0.8676115848668869,-0.9999158812710158,0.8424482914664716,1,0,0,1
1.3484890289608304,-1.0934209037232152,-0.17829935261009894,-0.40443818516135177,-0.315980431771255,2.3944308402692123,-0.082898990877619,-0.6527712875111078,-0.5546982771394015,0.9179367123844853,1,0,1,0
0.27550599483671245,0.6707010178418701,0.1350067130518293,-0.4044381851613535,0.6343594621435671,-0.07277384377404637,-0.4262488672050989,-0.02871137614432077,-0.692503726037282,0.15735526388978174,0,1,1,0
0.33774602377691865,0.7913897141608691,0.9287853990575669,-0.40443818516134605,-0.2532676001872114,1.342240607368411,2.1734001964172487,-0.5709273647089063,-0.6783698338426276,0.7028659282595785,0,1,1,0
-1.182313274565582,-0.836181880078382,-0.5799198540785361,-0.4044381851613567,-0.6729608557489527,-0.7621398584331922,-0.7205487612000817,-1.2154482567762437,1.399312318771573,-0.5519510307738181,0,1,1,0
-1.0282472874354236,-0.7154932659719436,-0.5799198540785361,-0.4044381851613567,-0.504118696494292,-0.7621398584331922,-0.7205487612000817,-0.8573810945166117,-1.3709305513806946,-0.43230900516790977,0,1,0,1
0.4118204244170232,0.89138879753795,-0.5799198540785163,-0.404438185161349,-0.39798948383822175,1.7413472474342322,1.1924005497673063,-0.816459133115511,-0.8762443245677897,0.5689808043672524,1,0,1,0
0.4766903137349846,0.9775949152371652,1.6069142480466707,-0.4044381851613482,-0.5185909768710301,1.7776296692583977,0.8981006557723236,-0.7857676620646854,-0.8055748635945175,0.6102857893978636,1,0,1,0
0.634481936400296,1.4155219865721724,2.37966589035059,-0.40443818516135477,-0.320804486891987,1.2333933418959142,-0.4262488672050989,-0.6527712875111078,-0.441627139582166,0.4849465244773881,1,0,1,0
0.739018886416065,1.2293167854958762,0.8867309356573729,1.3998303253003717,0.07959243317228426,1.1971109200717487,1.6338503907597806,-0.48908344190670466,-0.5087631275067745,0.7256548855178467,1,0,1,0
-0.0725121951528912,0.2465669121847286,-0.5799198540785335,-0.40443818516135177,-1.5412915825822417,0.10863826534678149,1.045250602769815,-0.2742431445509255,0.8622244153747048,0.3752746676719721,0,1,1,0
1.3912242600993523,1.7844840650927367,1.0602057225153676,0.7397320577778517,0.9865156009714342,0.7617218581817617,0.11330093845236952,1.0147986395837494,-1.3073280365047497,0.9150880927272017,1,0,0,1
0.915657841788622,1.3224192216089048,0.6291470966667921,-0.40443818516134683,0.798377336248402,0.3263327962917749,0.015200973787375267,0.5032741220699894,-0.9504472585897253,0.5376459881371335,1,0,0,1
0.4032733781893188,0.887940473905922,1.2494510584806287,-0.4044381851613495,-0.2580916553079434,1.6324999819617356,0.5547507794448437,-0.714154229612759,-0.7667066600592178,0.571829424024536,1,0,1,0
0.45499396561850425,0.8706993490211532,0.8604468960322471,-0.4044381851613474,-0.016888669242326817,1.3059581855442455,1.045250602769815,-0.5811578550591814,-0.6819033068912913,0.571829424024536,1,0,1,0
0.6084024876542238,-1.1737650027880833,2.1956774876425427,-0.40443818516135543,-0.1423142173958671,0.8705691236542585,-0.13194897321011612,-0.7550761910138598,-0.3921585169008755,0.43082275098900097,1,0,1,0
0.0771706913476751,0.4707028510877117,0.3557928339011433,-0.4044381851613476,-0.11819394179221193,0.10863826534678149,-0.033849008545121864,-0.611849326110007,1.0565654330512033,0.04768340708436569,0,1,1,0
0.9312178490236734,1.4293149522500381,-0.3791096033443175,1.168795898880048,-0.036185004739796855,2.285583574796716,0.9962006204373177,-0.560696874358631,-0.42395977433884796,0.8139620948936362,1,0,1,0
1.0114285905452067,1.4637972020195793,0.18757485496816945,2.1589432345889534,0.7163682841814353,-0.03649142194988081,1.3395504967647978,0.0019800949065048204,-1.1765895337041963,0.5504647765949094,1,0,0,1
0.5402452728640683,0.987939557283003,0.6344039045918184,1.2788122986587596,-1.5412915825822455,0.3988976399401061,0.6038007617773408,-0.6323103068105574,-0.9151125281030893,0.2584812617233472,1,0,0,1
1.1733841588086307,1.6810366580836311,1.6594825779612923,1.476841844490381,-0.036185004739796855,1.6687824037859011,1.7319503554247748,-0.38677853840395265,-0.7455058217672362,0.8652372487247398,1,0,1,0
1.3633915711014433,-1.4231075922222443,-0.2061604471459482,0.915758349883683,-0.3593969278578285,1.850194512906729,0.4076008324473523,-1.0517604111718404,0.8056888465960872,0.6373476761420572,1,0,1,0
0.2980789630791112,0.7879413905288412,0.9392991402398017,1.1247893914284675,-0.4655262555284456,1.3059581855442455,1.2414505320998035,-0.8266896234657861,-0.6960371990859456,0.5447675372803423,0,1,1,0
-0.9692945839674114,-0.5775635269807364,-0.5799198540785341,-0.4044381851613537,-0.6295443021551009,-0.5807277493123644,-0.5243488318700932,-1.5428239479850498,-2.158895041232679,-1.6429723595134116,0,1,0,1
2.15826687027795,-0.9734220036707201,0.031973189988822065,-0.40443818516135244,-0.5282390871124892,2.412572051181295,-0.32814890254010465,-0.8778420752171622,0.8445570501313868,1.1871312699977792,1,0,1,0
1.8017016340606418,-0.9999734708218674,-0.03163424857006998,-0.4044381851613516,-0.3593969278578285,2.412572051181295,-0.13194897321011612,-0.5402358936580807,0.7880214813527692,1.121613017880258,1,0,1,0
2.6182732813536287,-0.9096294634192921,0.0687708705304294,-0.40443818516135444,0.07959243317228426,2.412572051181295,-0.47529884953759605,-0.16170775069789833,0.5972139367249344,1.5076009814421767,1,0,1,0
2.671171827077017,-0.9003192198079879,0.11713355357352773,-0.40443818516135244,-0.29186015616760463,2.412572051181295,-0.32814890254010465,-0.5197749129575302,0.6643499246495429,1.506176671613535,1,0,1,0
1.3888135547530767,-1.0772141772729833,4.340456875703181,-0.4044381851613537,-0.8225066795061433,2.412572051181295,-0.4262488672050989,-1.28706168922817,1.0636323791485305,0.7327764346610556,1,0,1,0
2.3263587794228027,-0.9882494664381934,4.277375180602882,-0.404438185161348,0.21466620658182578,2.412572051181295,0.309500867782358,-0.14124676999734795,0.5618792062382983,1.2255876353711068,1,0,1,0
1.942618319302024,-1.0237663777224637,4.193266253802489,-0.40443818516135427,0.07476837805155226,2.412572051181295,-0.4262488672050989,-0.14124676999734795,0.6466825594062249,1.1116428490797656,1,0,1,0
1.6912474981949237,-1.0299732287200156,4.26686181541721,-0.40443818516135327,-0.11819394179221193,2.412572051181295,-0.3771988848726018,-0.18216873139844872,0.699684655136179,1.084580962335572,1,0,1,0
1.5113212173501727,-1.0399731370577225,4.4561069007180905,-0.40443818516135427,-0.3931653137029429,2.412572051181295,-0.47529884953759605,-0.5197749129575302,-0.9151125281030893,0.9834549645020065,1,0,0,1
1.7192993422243124,-1.028938731630408,4.503418297375504,-0.404438185161354,-0.2966842112883366,2.412572051181295,-0.4262488672050989,-0.3970090287542279,0.7420863317201423,1.0689135542205126,1,0,1,0
0.5058379329217713,1.398280697262282,2.710845165623699,-0.4044381851613551,-0.634368357275833,1.414805451016742,-0.5733988142025903,-0.9392250173188134,1.0812997443918486,0.43082275098900097,1,0,1,0
2.671171827077017,-0.8675608687742686,-0.5139994200326348,-0.4044381851613498,0.39798041618413077,2.412572051181295,-0.033849008545121864,0.14520695981035758,-0.7525727678645634,1.7112772869379493,1,0,1,0
2.671171827077017,-0.8413542011012992,0.11029969073777804,1.3008155523845497,0.03135188196497872,2.412572051181295,0.8981006557723236,-0.2742431445509255,0.501810164411017,1.74403641299671,1,0,1,0
2.671171827077017,-0.9192845722788213,0.01777977099159816,-0.40443818516135166,0.32079541923790084,2.412572051181295,-0.2790989202076075,0.0019800949065048204,0.5300779488003259,1.4962065028130427,1,0,1,0
0.9803085760751037,1.856897217114086,2.737129079916632,-0.4044381851613545,-0.045833114981256036,1.7050648256100667,-0.47529884953759605,-0.2435516735000999,0.8056888465960872,0.7028659282595785,1,0,1,0
0.9226708027959691,1.9258620455034112,2.8159813241241864,-0.404438185161352,-1.3999466295274026,1.414805451016742,-0.23004893787511038,-0.2640126542006503,0.8233562118394052,0.7114117872314291,1,0,1,0
1.585614773021757,-1.0327318218555865,4.503418297375504,-0.40443818516135244,-0.4076375940796809,2.412572051181295,-0.2790989202076075,-0.5709273647089063,0.8268896848880688,1.0105168512462002,1,0,1,0
0.899221214427652,1.8672418591599238,2.6635337689662912,-0.40443818516135327,-0.012064614121594817,1.342240607368411,-0.32814890254010465,-0.5095444226072551,0.9222934572019862,0.6288018171702066,1,0,1,0
-0.23600184863667226,0.4672546918808051,0.991867219490048,-0.40443818516135605,-0.315980431771255,0.2174855308192782,-0.6714987788675846,-0.7959981524149605,1.1555026784137843,0.07901822331448456,0,1,1,0
-1.543261611412482,-1.4603141524896823,-0.5799198540785361,-0.4044381851613567,-1.5412915825822568,-0.7621398584331922,-0.7205487612000817,-1.6144373804369763,1.5371177676694538,-0.6644715072365177,0,1,1,0
-1.3681567412602822,-0.9672151773369385,-0.5799198540785361,-0.4044381851613567,-0.8514510677377991,-0.7621398584331922,-0.7205487612000817,-1.1642958050248677,1.3816449535282551,-0.5191919047150575,0,1,1,0
1.593723509186502,-1.0499730453954297,3.830546381643608,-0.4044381851613465,-0.29186015616760463,2.3944308402692123,0.35855085011485516,-0.44816148050560384,0.7491532778174694,0.9549687679291712,1,0,1,0
1.395826515760424,-1.0758348807051943,4.056588997087479,-0.4044381851613523,-1.4491520435153993,2.412572051181295,-0.32814890254010465,-0.8778420752171622,0.9399608224453042,0.8054162359217857,1,0,1,0
1.48546092363558,-1.063421178710094,4.072359796859115,-0.40443818516135177,-0.4751743657699096,2.412572051181295,-0.2790989202076075,-0.8062286427652358,0.897559145861341,0.8509941504383222,1,0,1,0
1.2581971559912355,-1.4603141524896475,4.2037801203169165,-0.40443818516134916,-0.9575803379011428,2.412572051181295,0.015200973787375267,-1.2154482567762437,1.0282976486618944,0.7213819560319215,1,0,1,0
2.532802819076585,-0.919974204120204,0.07402765338901598,-0.404438185161347,-0.4076375940796809,2.412572051181295,0.2604508854498609,-0.6220798164602822,0.43114070343774485,1.3936561951508355,1,0,1,0
2.671171827077017,-0.8516989746872347,0.12449305960212795,-0.4044381851613502,0.22431431682328978,2.412572051181295,-0.033849008545121864,0.19635941156173356,0.42054028429175405,1.7611281309404112,1,0,1,0
0.9320944691495918,1.774139423046899,2.637249604008978,-0.40443818516135044,-0.24361948994575222,1.6324999819617356,-0.13194897321011612,-0.6220798164602822,0.9187599841533226,0.5874968321395954,1,0,1,0
1.446013017969252,-1.0685935655030616,4.198523187059703,-0.4044381851613521,-0.648840522638024,2.412572051181295,-0.23004893787511038,-0.9596859980193637,0.9364273493966406,0.8168107145509198,1,0,1,0
0.8759907810908144,1.7810357414607088,2.6162223723088784,-0.40443818516135366,-0.07477744570563839,1.414805451016742,-0.3771988848726018,-0.2537821638503751,0.8304231579367324,0.6501664645998331,1,0,1,0
-0.7043361509085759,-0.11205044207743724,0.9708399877899536,-0.4044381851613545,-1.5412915825822575,0.25376795264344376,-0.5243488318700932,-1.7372032646402786,-0.40629240909552994,-1.207133551949031,0,1,1,0
0.17995440111160715,1.0086290057997997,2.274529481185722,-0.4044381851613552,-1.4645890314031915,0.6891570145334306,-0.6224487965350874,-0.560696874358631,1.0247641756132309,-0.4394305543111186,0,1,1,0
-0.034817529738400126,0.6431150864861421,1.6121711813038846,-0.4044381851613498,-0.9093397866938373,0.5077449054126028,-0.18099895554261325,-1.1540653146745925,1.2155717202410656,-0.5946803256330712,0,1,1,0
-0.6526155634793904,-0.2672214703785381,0.434645015442604,-0.40443818516134583,-1.5412915825822584,0.29005037446760934,0.0642509561198724,-1.7985862067419298,1.4417139953555365,-0.9222715862206775,0,1,1,0
-1.2140907541301238,-0.8499748457562477,-0.5799198540785361,-0.4044381851613567,-0.692257076231871,-0.7621398584331922,-0.7205487612000817,-1.0619909015221156,1.346310223041619,-1.0262462037115265,0,1,1,0
0.2288259731315578,-1.248591932024316,-0.5799198540785337,3.1930972088991876,-0.3593969278578285,-0.5444453274881988,1.7810003377572718,-0.9596859980193637,1.1095675287811573,-0.6730173662083684,0,1,1,0
0.4365849429742179,1.2672473588974453,2.274529481185722,-0.4044381851613551,-0.4172857043211449,0.7254394363575962,-0.47529884953759605,-0.5300054033078054,1.0000298642725856,-0.3425774859634784,1,0,1,0
-0.6708054310921973,-0.26032498753960354,-0.03321132854723308,-0.4044381851613498,-0.6729608557489527,-0.1816211092465431,0.0642509561198724,-0.8062286427652358,1.1449022592677935,-0.7456571674690985,0,1,1,0
-0.8765920056515409,-0.5017021335399197,-0.5799198540785361,-0.4044381851613567,-0.2002029938591787,-0.7621398584331922,-0.7205487612000817,-0.45839197085587907,1.1378353131704662,-0.8396616161594551,0,1,1,0
-0.38261656469652416,0.012086331235904309,-0.5799198540785344,-0.4044381851613477,-0.041009059860524034,-0.5807277493123644,0.16235092078486665,0.0735935273584312,0.8728248345206957,-0.6003775649476383,0,1,1,0
0.6697658964685116,-1.1651443910181618,2.5110862138083907,-0.4044381851613465,-1.5412915825822526,1.0156988109509208,0.2604508854498609,-0.3765480480536775,0.8657578884233685,-0.19160064412745115,1,0,1,0
-1.1807791893452246,-0.8154923904553049,-0.5799198540785361,-0.4044381851613567,-0.6391924123965649,-0.7621398584331922,-0.7205487612000817,-0.9085335462679878,1.293308127311665,-0.999184316967333,0,1,1,0
0.23452400395002737,0.6982871136227228,0.5187540049090908,0.7397320577778517,-0.031360834604517995,0.3263327962917749,0.5547507794448437,-0.18216873139844872,0.8445570501313868,-0.31409128939064307,0,1,1,0
0.15190255708221845,0.998284363753962,2.363895341243329,-0.40443818516135466,-1.4766491807064723,0.7254394363575962,-0.5243488318700932,-1.2972921795784451,1.2685738159710196,-0.5362836226587587,0,1,1,0
-0.30306328826942963,0.09484428972821636,-0.5799198540785342,2.2249532580658107,-0.6874330211111439,-0.5081629056640332,1.9281502847547631,-0.9289945269685381,1.0848332174405122,-0.6317123811777571,0,1,1,0
-0.7998877446336812,-0.41204777442123713,0.040384045069201416,-0.4044381851613513,-0.8803953984621815,-0.07277384377404637,-0.033849008545121864,-1.0312994304712901,1.2191051932897292,-0.7684461247273667,0,1,1,0
0.4427212838556467,1.360350123860713,2.7003312991092714,-0.40443818516135427,-0.7212014069562535,0.8705691236542585,-0.47529884953759605,-1.0722213918723908,1.1731700436571022,-0.4907057081422222,1,0,1,0
-1.2040096226820622,-0.8396301214978493,-0.5799198540785325,-0.40443818516134816,-1.5412915825822597,-0.36303321836737096,0.0642509561198724,-1.9315825812955074,1.5512516598641082,-1.1003103148008984,0,1,1,0
-0.42776250118132164,0.008638172029001148,0.09820899491056778,-0.4044381851613508,-0.3835172034614837,-0.1816211092465431,-0.033849008545121864,-0.7448457006635846,1.0706993252458576,-0.7100494217530543,0,1,1,0
-0.12839672818018902,0.6258739616013699,-0.5799198540785317,-0.40443818516134894,-1.5412915825822395,1.5962175601375699,0.015200973787375267,-0.5402358936580807,-0.8161752827405083,1.8266463830579325,0,1,1,0
0.9147812216627035,1.9258620455034112,2.0274593833773813,-0.4044381851613496,0.48963757849255674,2.412572051181295,-0.033849008545121864,-0.40723951910450307,-0.9681146238330434,2.459039946974877,1,0,0,1
1.1190337110016901,-1.0961794968587897,2.3744089570933764,0.728730430914951,0.3449158098560981,2.412572051181295,0.309500867782358,-0.35608706735312706,-0.9009786359084349,2.5786819725807852,1,0,0,1
1.369527911982872,-1.0648004752778795,2.001175218420073,0.8607500844194529,1.068524653038401,1.414805451016742,0.4076008324473523,-0.19239922174872393,-0.7949744444485267,1.8707999877458272,1,0,1,0
0.656397439548256,1.605175511280493,2.2429886336355755,0.7727370695162804,-0.36422098297856054,1.5599351383134044,0.309500867782358,-0.6834627585619334,-1.3815309705266854,1.439234109667372,1,0,0,1
-1.3324344711291074,-0.8775607771119757,-0.5799198540785361,-0.4044381851613567,-0.7260254620769854,-0.7621398584331922,-0.7205487612000817,-1.184756785725418,-1.2543259407747955,0.31260503521173433,0,1,0,1
1.187410080823325,-1.087558885088868,2.074770780034789,-0.40443818516135055,0.9672193804885159,2.412572051181295,-0.23004893787511038,-0.35608706735312706,-0.8267757018864992,2.570136113608935,1,0,1,0
1.0646832631947494,-1.1030760125827477,2.20619110349259,-0.404438185161347,0.4751652981158187,2.412572051181295,0.2114009031173638,-0.560696874358631,-0.7667066600592178,2.47755597474722,1,0,1,0
0.2577544372868649,1.105179929969974,0.5923494411916245,-0.40443818516135194,0.7646090654178346,2.213018731148385,-0.32814890254010465,-0.40723951910450307,-0.674836360793964,2.0431414770114813,0,1,1,0
1.5200874186093567,-1.0461799551702509,3.0472811234896415,-0.4044381851613477,0.5282300194584031,2.412572051181295,0.0642509561198724,-0.6527712875111078,-0.9787150429790342,2.6826565900716344,1,0,0,1
0.874018385807498,1.8741385064239797,2.001175218420073,-0.4044381851613502,0.4751652981158187,2.412572051181295,-0.13194897321011612,-0.5095444226072551,-0.6536355225019824,2.409189102972415,1,0,1,0
-0.5485169235265808,0.10174077256714747,0.21911570251831622,-0.404438185161351,-0.34492476249563736,-0.07277384377404637,-0.23004893787511038,-0.7448457006635846,-0.756106240913227,0.791173137635368,0,1,1,0
-0.988141916674657,-0.44653018861589966,-0.5799198540785361,-0.4044381851613567,-0.12301799691294393,-0.7621398584331922,-0.7205487612000817,-0.7550761910138598,-0.7773070792052087,0.5533133962521929,0,1,1,0
0.9189451672608159,1.9327586927674636,2.074770780034789,-0.4044381851613472,0.3497398649768301,2.412572051181295,0.0642509561198724,-0.6936932489122086,-0.9257129472490802,2.3536410196553863,1,0,0,1
1.752391751977732,-1.0172146943617104,3.3679467829127034,-0.4044381851613466,0.5909428510424467,2.412572051181295,0.16235092078486665,-0.48908344190670466,-1.2755267790667772,2.0089580411240786,1,0,0,1
-0.18691112158524203,0.5534608095800203,-0.5799198540785344,-0.40443818516135477,1.0299322120725547,-0.61701017113653,-0.5243488318700932,-0.17193824104817354,-0.9822485160276978,1.0090925414175584,0,1,0,1
-0.6125101927186238,0.02243113770686339,-0.5799198540785313,-0.4044381851613513,-0.1374901622751351,-0.36303321836737096,-0.23004893787511038,-0.714154229612759,-0.8585769593244716,0.7569897017479656,0,1,1,0
-0.44639067885708755,0.2293257872999563,-0.5799198540785347,-0.40443818516135277,0.5185819092169391,-0.6532925929606955,-0.3771988848726018,-0.3765480480536775,-0.6607024685993096,0.8965720649548587,0,1,1,0
-1.1540422755047137,-0.6534249204215532,-0.5799198540785361,-0.4044381851613567,-0.41246164920041295,-0.7621398584331922,-0.7205487612000817,-0.8983030559177125,-0.6147673189666827,0.4379443001322098,0,1,1,0
0.702858306221931,-1.1479031674783187,2.5899384580159452,-0.40443818516135055,-0.34974881761636933,1.8139120910825635,-0.23004893787511038,-0.8369201138160614,-1.006982827368343,1.4477799686392225,1,0,0,1
-0.47071688735132305,0.1982915323122004,-0.5799198540785327,-0.4044381851613548,0.39315647607795046,1.5236527164892388,-0.5243488318700932,-0.6834627585619334,-0.5370309118960834,1.621545767733518,0,1,1,0
0.1096056360066558,0.9224228881005846,-0.5094785589505043,0.761735311503642,-1.5412915825822395,1.8139120910825635,0.2604508854498609,-0.14124676999734795,-0.4663614509228112,2.038868547525556,0,1,1,0
-0.0738271253417688,0.6913904663586669,0.2401429342184158,-0.4044381851613513,0.4848134083572827,-0.07277384377404637,-0.23004893787511038,-0.4277004998050535,-0.9681146238330434,1.0788837230210049,0,1,0,1
0.0778281564421139,0.8810439910669909,-0.5799198540785314,-0.404438185161355,1.2277185870370508,1.6324999819617356,-0.5733988142025903,0.05313254665788081,-0.6713028877453004,2.037444237696914,0,1,1,0
-0.2557258014698362,0.4672546918808051,0.2348861262933896,-0.404438185161354,0.2822029782720545,1.92275935655506,-0.47529884953759605,-0.43793099015532866,-0.43456019348483876,1.8394651715157084,0,1,1,0
-0.8204883175927635,-0.23963553902280674,-0.5799198540785361,-0.4044381851613567,0.1664255403599782,-0.7621398584331922,-0.7205487612000817,-0.5197749129575302,-0.3638907325115667,0.6359233663134154,0,1,1,0
-1.1546997405991524,-0.6568731618410205,-0.5799198540785361,-0.4044381851613567,-0.4172857043211449,-0.7621398584331922,-0.7205487612000817,-0.714154229612759,-1.1765895337041963,0.473552045848254,0,1,0,1
0.03728447561838803,0.8327686111944628,0.08769537906051536,-0.4044381851613495,0.7356645046643585,1.8139120910825635,-0.082898990877619,-0.38677853840395265,-0.6430351033559916,1.9491370283211245,0,1,1,0
-0.35719458104489066,0.33966951272287493,-0.5799198540785326,-0.40443818516134966,0.3497398649768301,1.5236527164892388,-0.082898990877619,-0.5811578550591814,-0.4027589360468663,1.756855201454486,0,1,1,0
0.2040614545743631,-1.4603141524896603,0.15077713682690794,-0.4044381851613502,1.0009878813481723,1.850194512906729,-0.23004893787511038,-0.2537821638503751,-0.674836360793964,2.044565786840123,0,1,1,0
-0.8001068996651608,-0.2120496076670788,-0.5799198540785326,-0.4044381851613537,-0.24361948994575222,-0.4718804838398677,-0.4262488672050989,-1.0926823725729413,-1.8408824668529542,-0.5362836226587587,0,1,0,1
-0.7008296704049023,-0.11205044207743724,-0.5799198540785361,-0.4044381851613531,0.18572176084289654,-0.7621398584331922,-0.3771988848726018,-0.13101627964707274,1.0000298642725856,0.42370120184579213,0,1,1,0
-0.5787603178707655,0.03967226259163569,-0.5799198540785353,-0.40443818516134605,0.01687971660278754,-0.6895750147848612,0.4076008324473523,-0.46862246120615425,1.0530319600025397,0.42939844116035925,0,1,1,0
-1.1126219745550694,-0.6154941825948628,-0.5799198540785361,-0.4044381851613567,-1.4240669281339642,-0.7621398584331922,-0.7205487612000817,-0.7653066813641349,1.2438395046303745,0.12886906731694642,0,1,1,0
-1.0479712402685877,-1.367901192014175,-0.5799198540785361,-0.4044381851613567,-1.5412915825822568,-0.7621398584331922,-0.7205487612000817,-1.4712105155331237,1.4876491449881633,0.21717627669273595,0,1,1,0
-0.6339873858036246,-0.029292565797689313,-0.5799198540785361,-0.4044381851613567,-1.541291582582261,-0.7621398584331922,-0.7205487612000817,-2.136192388301011,1.7173248931512977,0.4849465244773881,0,1,1,0
-1.1404546635529784,-0.649976679002086,-0.5799198540785361,-0.4044381851613567,-1.541291582582261,-0.7621398584331922,-0.7205487612000817,-2.136192388301011,1.7173248931512977,0.12317182800237934,0,1,1,0
-0.9528579566064415,-0.4223924986796356,-0.5799198540785344,0.761735311503642,-0.8900435087036407,-0.61701017113653,0.35855085011485516,-1.0619909015221156,1.2544399237763653,0.26132988138063074,0,1,1,0
-0.551146783904336,0.07070651757939159,-0.5799198540785333,-0.4044381851613515,0.11818498915267266,-0.5081629056640332,-0.23004893787511038,-0.43793099015532866,1.0706993252458576,0.4493387787613439,0,1,1,0
-0.6440685172516861,-1.3185912903882724,-0.5799198540785361,0.7397320577778517,-1.3931929523583797,-0.7621398584331922,0.6038007617773408,-0.4277004998050535,1.031831121710558,0.41942827235986685,0,1,1,0
0.07147266052920552,0.8362167704013693,0.8026220088569798,0.7177288040520503,-0.08924961106782958,0.5077449054126028,0.16235092078486665,-0.5197749129575302,0.9717620798832767,0.7555653919193238,0,1,1,0
0.10412676021966581,0.8775958318600843,-0.5799198540785345,2.246956511791612,0.4269247469085132,-0.61701017113653,1.9281502847547631,0.03267156595733041,0.7632871700121239,0.8424482914664716,0,1,1,0
0.2654248633886509,1.0741456749822182,-0.5799198540785333,1.8288941664025677,-1.5412915825822382,-0.5081629056640332,1.437650461429792,0.29866431506448554,0.6961511820875154,0.9393013598141118,0,1,1,0
0.016245592596346503,0.7672519420120444,-0.5799198540785353,1.8508974201283581,0.5185819092169391,-0.6895750147848612,1.437650461429792,-0.02871137614432077,0.8268896848880688,0.7641112508911745,0,1,1,0
-0.8128178914909775,-0.24998026328120515,0.19283166289319567,-0.40443818516135405,-0.6681368006282207,-0.10905626559821195,-0.4262488672050989,-0.8880725655674373,1.201437828046411,0.27699728949569014,0,1,1,0
0.5012356772606997,-1.177902925376467,-0.5799198540785357,4.238252547772848,0.3352676996146341,-0.7258574366090267,3.742999631057157,0.05313254665788081,0.636082140260234,1.054670455934095,1,0,1,0
0.9340668644329083,1.8948277905156552,2.8895766350745324,-0.4044381851613537,-0.15678649777260514,2.031606622027557,-0.47529884953759605,-0.816459133115511,0.9717620798832767,1.1244616375375414,1,0,1,0
-0.4466098338885672,0.20173985594422839,-0.5799198540785361,0.915758349883683,0.20019392620509255,-0.7621398584331922,0.6528507441098379,-0.05940284719514636,0.9010926189100046,0.5761023535104612,0,1,1,0
1.5244705192389487,-1.0523868061677992,1.4702372419960312,-0.40443818516132374,0.8321458371080632,0.9068515454784241,2.5658000550772257,0.5032741220699894,0.4064063920970996,1.652880583963637,1,0,1,0
0.4105054942281456,1.2534543932195796,-0.5799198540785353,1.0037713647868554,1.5605787354110934,-0.6895750147848612,0.6528507441098379,1.106873052736226,0.4912097452650262,1.1557964537676604,1,0,1,0
-0.8108454962076611,-0.2465320218617413,-0.579919854078532,-0.40443818516135543,-0.5571834178368715,-0.39931564019153654,-0.6224487965350874,-0.9392250173188134,1.2615068698736924,0.34678847109913674,0,1,1,0
0.05635096335711317,-1.2323851726890571,-0.5799198540785361,-0.4044381851613567,-1.541291582582261,-0.7621398584331922,-0.7205487612000817,-2.136192388301011,1.7173248931512977,0.7712328000343832,0,1,1,0
0.8334747049837722,1.770691099414871,-0.5799198540785361,-0.4044381851613567,-1.541291582582261,-0.7621398584331922,-0.7205487612000817,-2.136192388301011,1.7173248931512977,1.224163325542465,1,0,1,0
-1.0133447452948108,-0.49480565070098853,-0.5799198540785361,-0.4044381851613567,-1.541291582582261,-0.7621398584331922,-0.7205487612000817,-2.136192388301011,1.7173248931512977,0.23284368480779538,0,1,1,0
0.9237665779533671,-1.1261792547569378,-0.5799198540785361,-0.4044381851613567,-0.9720525607706074,-0.7621398584331922,-0.7205487612000817,-1.4200580637817475,1.4699817797448453,1.3010760562891206,1,0,1,0
-0.5191501493083145,0.1120854146129852,-0.5799198540785353,0.9047567230207822,0.01687971660278754,-0.6895750147848612,0.35855085011485516,-0.43793099015532866,1.0459650139052123,0.47070342619097044,0,1,1,0
-0.4591016706829043,0.18449856663433473,-0.5799198540785361,-0.4044381851613567,0.7597848952825557,-0.7621398584331922,-0.7205487612000817,0.4214301992677879,0.8339566309853961,0.6515907744284749,0,1,1,0
0.22027892690385342,1.0189738122707588,-0.579919854078535,3.2371037163507794,0.22431431682328978,-0.6532925929606955,2.8110499667397115,-0.2742431445509255,0.8092223196447508,0.8367510521519046,0,1,1,0
0.36492124768038897,1.1948342068760958,2.4480045187080974,-0.4044381851613548,-0.7067292415940623,1.6324999819617356,-0.5243488318700932,-1.0108384497707397,1.0812997443918486,0.8467212209523969,0,1,1,0
0.006164461148284939,0.7569071355410852,-0.5799198540785324,1.8068909126767776,0.25325864754767213,-0.4355980620157021,1.3886004790972948,-0.47885295155642943,0.9611616607372859,0.7028659282595785,0,1,1,0
0.1071949306603802,0.8810439910669909,-0.5799198540785341,3.1600923283104967,-0.012064614121594817,-0.5807277493123644,2.7619999844072143,-0.32539559630230147,0.537144894897653,0.6430449154566242,0,1,1,0
-1.2377594975299206,-0.8948020253155855,-0.5799198540785361,-0.4044381851613567,-0.7501457951879092,-0.7621398584331922,-0.7205487612000817,-0.9494555076690885,-0.43456019348483876,-0.4394305543111186,0,1,1,0
-1.510388356690542,-1.4603141524896825,-0.5799198540785361,-0.4044381851613567,-1.5412915825822573,-0.7621398584331922,-0.7205487612000817,-1.2972921795784451,-0.522897019701429,-0.5961046354617129,0,1,1,0
-1.5325230148699815,-1.4603141524896828,-0.5799198540785361,-0.4044381851613567,-1.5412915825822575,-0.7621398584331922,-0.7205487612000817,-1.2768311988778949,-0.35682378641423945,-0.5547996504311017,0,1,1,0
-1.2555110550797681,-1.4054870604820087,-0.5799198540785361,-0.4044381851613567,-1.4645890314031915,-0.7621398584331922,-0.7205487612000817,-0.8471506041663366,-0.06001205032649647,-0.4892813983135804,0,1,1,0
-1.7461991705625908,-1.4603141524896848,-0.5799198540785361,-0.4044381851613567,-1.5412915825822602,-0.7621398584331922,-0.7205487612000817,-2.013426504097709,1.6749232165673344,-0.8994826289624093,0,1,1,0
-1.1099921141773141,-0.7672169694764964,-0.5799198540785361,-0.40443818516135366,-0.7019051864733351,-0.7621398584331922,-0.23004893787511038,-0.714154229612759,-0.7419723487185725,-0.23432993898670415,0,1,1,0
-1.7681146737105509,-1.460314152489685,-0.5799198540785361,-0.4044381851613567,-1.5412915825822608,-0.7621398584331922,-0.7205487612000817,-2.0441179751485348,1.6855236357133252,-0.9009069387910511,0,1,1,0
-0.9081503301846032,-0.5637705613028707,-0.5799198540785359,-0.40443818516135366,-0.4462300350455273,-0.7258574366090267,0.2604508854498609,-0.14124676999734795,-0.4840288161661293,0.094685631429544,0,1,1,0
-0.6502048581331149,-0.30170396678575784,-0.5799198540785353,-0.40443818516135194,-1.541291582582248,-0.4718804838398677,1.486700443762289,0.23728137296283436,-0.5617652232367286,0.5632835650526853,0,1,1,0
-1.7120109856517733,-1.4603141524896845,-0.5799198540785359,-0.4044381851613562,-1.5412915825822602,-0.6532925929606955,-0.32814890254010465,-1.9418130716457827,1.6113207016913895,-0.7883864623283514,0,1,1,0
-1.5101692016590624,-1.4603141524896823,-0.5799198540785361,-0.4044381851613567,-1.5412915825822568,-0.7621398584331922,-0.7205487612000817,-1.3177531602789956,1.4346470492582093,-0.6046504944335636,0,1,1,0
-1.4143984529024776,-1.0706625021334832,-0.5799198540785361,-0.4044381851613567,-0.9961728363742578,-0.7621398584331922,-0.7205487612000817,-0.9903774690701893,-0.19075055312704992,-0.4066714282523579,0,1,1,0
-0.4503354694237203,-0.10170571781903882,-0.5799198540785361,-0.4044381851613567,0.35938797521828925,-0.7621398584331922,-0.7205487612000817,1.0352596202842996,-0.8479765401784808,0.6088614795692219,0,1,1,0
0.03246306492583685,0.3844967333884965,-0.5799198540785353,-0.40443818516135366,0.8369697772142436,-0.5444453274881988,-0.033849008545121864,1.7513939448035636,-1.1306543840715693,1.066064934563229,0,1,0,1
-0.2274548024089679,0.12243022108394429,-0.5799198540785344,-0.40443818516135277,0.3449158098560981,-0.39931564019153654,0.2604508854498609,0.943185207131823,-0.7243049834752545,0.7740814196916668,0,1,1,0
-1.4448610022781418,-1.1016967160149589,-0.5799198540785361,-0.4044381851613567,-1.0395893899681048,-0.7621398584331922,-0.7205487612000817,-1.3279836506292708,-0.42395977433884796,-0.5562239602597434,0,1,1,0
-1.3984001356044669,-1.0568695364556175,-0.5799198540785361,-0.4044381851613567,-0.9768766158913346,-0.7621398584331922,-0.7205487612000817,-1.1029128629232166,-0.1342149843484322,-0.4807355393417298,0,1,1,0
-1.2690986670315032,-0.9258362391970646,-0.5799198540785361,-0.4044381851613567,-0.793562348781761,-0.7621398584331922,-0.7205487612000817,-0.5402358936580807,-0.7596397139618906,-0.07908016766475155,0,1,1,0
-1.2993420613756879,-0.9568704119722597,-0.5799198540785361,-0.4044381851613567,-0.8369788448683345,-0.7621398584331922,-0.7205487612000817,-0.816459133115511,-0.3744911516575575,-0.4066714282523579,0,1,1,0
-1.799672998243613,-1.4603141524896852,-0.5799198540785361,-0.4044381851613567,-1.541291582582261,-0.7621398584331922,-0.7205487612000817,-2.136192388301011,-3.201269590588443,-2.7971974368989834,0,1,0,1
2.671171827077017,-0.7568722452180979,0.062462701020399,-0.40443818516135294,2.2311232022944574,2.3218659966208812,-0.3771988848726018,1.05572060098485,0.2898017814912006,2.233998994049478,1,0,1,0
1.561507719559001,1.8431042514362204,1.2862487139557963,-0.40443818516135255,-1.26921462074106,2.412572051181295,0.16235092078486665,0.0735935273584312,0.5088771105083442,1.7283690048816507,1,0,1,0
2.671171827077017,-0.805837322702056,-0.02532607906003958,-0.4044381851613502,-1.5412915825822238,1.7050648256100667,-0.082898990877619,0.9124937360809974,0.3781386077077908,2.0516873359833316,1,0,1,0
1.1418258342755683,1.0120773294318277,-0.5799198540785359,-0.4044381851613562,1.84037439247165,2.412572051181295,-0.6714987788675846,0.7385754001263191,0.3463373502698183,2.2525150218218206,1,0,1,0
2.671171827077017,-0.5882530342748026,0.11608216692208917,0.9267599767465726,-1.4896259027829826,2.412572051181295,0.701900726442335,2.252687971967048,-0.2331522297110132,2.7675810636044,1,0,1,0
1.5135127676649687,1.5982788640164405,-0.5799198540785361,-0.40443818516135593,2.6990568940489523,1.342240607368411,0.015200973787375267,1.0045681492334742,0.37460513465912715,1.6984584984801736,1,0,1,0
0.7037349263478494,1.5293140356271189,0.7027425329493256,-0.4044381851613537,1.3241999194807557,0.29005037446760934,-0.47529884953759605,-0.18216873139844872,0.9222934572019862,0.5817995928250282,1,0,1,0
2.3171542681006594,-0.8603195864571562,0.05878289787322752,-0.40443818516135477,0.8852105584506428,2.213018731148385,-0.082898990877619,0.05313254665788081,0.6254817211142433,1.885043086032245,1,0,1,0
2.572031569711433,-0.8358370148301536,-0.0006190442127685103,-0.40443818516134916,1.5171623543390667,1.8864769347308945,0.2114009031173638,0.16566794051090797,0.5972139367249344,1.8893160155181703,1,0,1,0
2.446894046736582,-0.8527334060067953,-0.5153136232672129,-0.4044381851613521,-1.3053950686509026,2.213018731148385,-0.082898990877619,0.17589843086118317,0.58308004453028,1.860829818945335,1,0,1,0
2.2016595665109104,-0.8979054590356182,-0.0421479145529964,-0.4044381851613564,1.3386719698284,1.4510878728409076,-0.6224487965350874,0.27820333436393513,0.6608164516008793,1.530389938700445,1,0,1,0
0.6548633543278988,1.101731606337946,-0.5799198540785361,-0.4044381851613567,2.0285126571946823,2.412572051181295,-0.4262488672050989,0.9329547167815477,0.2756678892965462,2.191269699190225,1,0,1,0
1.8545179966472252,-0.9175604433478309,-0.0011447375384930464,-0.40443818516135666,0.7211924543167142,1.5599351383134044,-0.6714987788675846,0.18612892121145838,0.6855507629415245,1.5702706139024145,1,0,1,0
1.046274240550463,1.553451643350819,0.6659447521419651,-0.40443818516135593,1.4833938534794056,2.412572051181295,-0.32814890254010465,0.09405450805898159,0.519477529654335,2.064506124441108,1,0,1,0
0.6331670062114184,1.4465562415599282,0.3452792180510961,-0.40443818516135527,-1.5412915825822298,0.03607342169845034,-0.5733988142025903,0.5032741220699894,0.717352020379497,0.7228062658605632,1,0,1,0
2.671171827077017,-0.7482516334481765,0.10714558091632584,-0.40443818516135194,1.8837907735436767,2.412572051181295,-0.32814890254010465,0.26797284401365995,0.5300779488003259,2.073051983412958,1,0,1,0
1.4635454204876202,-1.0706624939122265,2.0116888342701205,-0.40443818516135255,1.3386719698284,1.342240607368411,-0.32814890254010465,0.22705088261255915,0.6678833976982065,1.0076682315889165,1,0,1,0
0.33336292314732663,-1.2054888731747084,0.1455203289018817,-0.4044381851613548,1.2518389776552528,-0.10905626559821195,-0.47529884953759605,0.012210585256780017,0.8940256728126773,0.49206807362059696,0,1,1,0
2.671171827077017,-0.5389431901976903,0.5587058203385901,-0.4044381851613559,0.8369697772142436,2.412572051181295,-0.5243488318700932,0.14520695981035758,0.47707585307037176,2.7675810636044,1,0,1,0
0.595691495828407,1.4086253393081198,1.0654626557725815,-0.40443818516135044,0.6633037928679494,0.5440273272367684,-0.13194897321011612,-0.43793099015532866,0.9611616607372859,0.6174073385410724,1,0,1,0
-0.7499203974563325,-0.205153042615587,-0.5799198540785361,-0.4044381851613567,0.17607365060143737,-0.7621398584331922,-0.7205487612000817,-1.0619909015221156,1.346310223041619,-0.23290562915806237,0,1,1,0
0.5711461323026918,1.3706947659065507,0.15077713682690794,-0.4044381851613556,1.6763562883377214,-0.07277384377404637,-0.5733988142025903,0.20658990191200877,0.8304231579367324,0.6615609432289672,1,0,1,0
2.1874144894647367,-0.8982502913988231,-0.03215994189579452,-0.40443818516135327,1.1264135445162595,1.6324999819617356,-0.32814890254010465,0.03267156595733041,0.7067516012335062,1.6016054301325333,1,0,1,0
1.2805509692021546,-1.0923864395186345,2.290300030292983,-0.4044381851613477,0.5668224604242447,1.6687824037859011,0.015200973787375267,-0.2128602024492743,0.7632871700121239,0.9962737529597825,1,0,1,0
2.671171827077017,-0.7934236207069523,-0.5126852167980568,-0.40443818516135355,1.4303291321368259,2.412572051181295,0.11330093845236952,0.23728137296283436,0.4982766913623534,2.367884117941804,1,0,1,0
0.9029468499628052,1.3431088345508229,-0.5799198540785356,-0.40443818516134616,1.8307260522010924,2.412572051181295,0.6528507441098379,0.636270496623567,0.2898017814912006,2.5487714661793084,1,0,1,0
0.5422176681473848,1.3362121872867705,-0.012184034181044938,-0.4044381851613545,1.73906911992176,-0.14533868742237752,-0.5243488318700932,0.3702777475164119,0.7774210622067783,0.7042902380882202,1,0,1,0
2.6329566684627617,-1.4603141524896224,0.003586402127248254,-0.404438185161348,1.4689215731026675,1.8864769347308945,0.2114009031173638,0.0838240177087064,0.6254817211142433,1.933469620206065,1,0,1,0
0.5525179546269259,1.3500051529646326,0.12974990512680834,-0.40443818516135166,1.4882180236146842,-0.10905626559821195,-0.18099895554261325,0.1554374501606328,0.8233562118394052,0.6829255906585937,1,0,1,0
2.671171827077017,-0.7858375060266385,0.11503083040351934,-0.40443818516135227,-1.2571544714377791,2.412572051181295,-0.13194897321011612,0.04290205630760561,0.6113478289195888,2.1072354193003604,1,0,1,0
-0.032406824392124535,0.6500115693250732,0.3768201282673367,-0.4044381851613563,-1.5412915825822406,0.07235584352261591,-0.6714987788675846,-0.7346152103133093,-0.6501020494533188,-0.7171709708962631,0,1,1,0
